Dialogue name,Node Guid ID,Text Guid ID,Russian,English
C2_Tim Spar,29ac1e42-8680-4dde-bfa3-b3f0e6e4a1b9,c06aee08-08f7-4f4d-b571-8c51b2d5177e,"","Доброй ночи, тетя медиум! Мой <b>дедушка</b> умер, я хочу узнать, как он устроился... там."
C2_Tim Spar,43d1a048-65b9-4282-89d0-eb89be8807cc,5a93e724-b467-44fa-ab0f-fbdb5948c53d,"","Спасибо!.. Спасибо большое!!!"
C2_Tim Spar,46359059-d57a-4736-a187-d921f6807214,1ac331a5-0594-4f2c-bbfa-0de2aedfdb39,"","Я... это... я не хочу больше... пока!.."
C2_Tim Spar,26818f90-2a7f-4ff8-a120-e4564d1bfcb9,1e087326-61c9-4e31-a690-4625a0cb8df9,"","Все… все хорошо? Что не так?"
C2_Tim Spar,f3736d88-3d95-4627-b550-938c6211a9c4,e4bfd18b-5ad5-4f42-bd83-1c8c4eb8f30a,"","Все хорошо, василек"
C2_Tim Spar,f3736d88-3d95-4627-b550-938c6211a9c4,1aa33b5c-72f5-4c14-b6be-3b818d426b5e,"","Ghost"
C2_Tim Spar,2bdc4408-3df6-49bb-a810-b220e1d977dc,81e6e38f-5839-4ddc-a00c-0a3141e5ca26,"","Дедушка не хочет говорить?"
C2_Tim Spar,db7feba6-29bd-42a1-9e1d-e48c74e05232,Choice Dont have Text ID,"","Хорошо, я вам помогу"
C2_Tim Spar,ce233715-8543-41cf-9a34-ce7491221a7e,Choice Dont have Text ID,"","Нет. Вам я не могу помочь."
C2_Tim Spar,dbf01e41-a03e-4bc9-b256-c2669a85855b,Choice Dont have Text ID,"","Передать ответ призрака"
C2_Tim Spar,82e091b2-a87b-49df-b8e1-5fdc97a17eb4,Choice Dont have Text ID,"","Ничего! Сейчас попробуем еще раз"
C2_Tim Spar,b0604c90-cb64-4ded-93b2-360b0e30932b,Choice Dont have Text ID,"","Извини, мне кажется ничего не выйдет."
C3_LarsVesh,dfbdd4a6-f0c3-4eab-97cf-d6faa227c9a4,1b922cec-a73e-447d-af20-e5a26c142e59,"","Вчера мы с женой потеряли <b>дочь</b>. Я не смогу уснуть, если..."
C3_LarsVesh,dfbdd4a6-f0c3-4eab-97cf-d6faa227c9a4,cc4ca47d-e995-4ae8-8d48-0f14e7bb1be5,"","Если не смогу убедиться, что она в порядке..."
C3_LarsVesh,dfbdd4a6-f0c3-4eab-97cf-d6faa227c9a4,35804dcc-3274-42ed-a19b-1d7431ffb99a,"","Хотя бы теперь..."
C3_LarsVesh,dfbdd4a6-f0c3-4eab-97cf-d6faa227c9a4,6b5d1150-5322-430b-9b22-25f48206b2a6,"","Моя жена против, но я не могу иначе..."
C3_LarsVesh,4a5ff0fb-3cf0-4ecd-9a5c-0652b8480f78,e06ac053-52ed-4c4e-b425-aa39b28ede0c,"","Она была такой светлой маленькой девочкой… никогда никого не обижала… как же так…"
C3_LarsVesh,51ef8acd-a853-4b0f-a413-7ad51e328041,28403139-9d50-43bd-9cb2-4233fbf3074f,"","Жена была права. Мне не стоило сюда приходить."
C3_LarsVesh,7044de6f-57ef-4e7f-81af-fb651d90a534,9596277b-7a40-47db-92ca-51b451985c71,"","Обними за меня маму"
C3_LarsVesh,7044de6f-57ef-4e7f-81af-fb651d90a534,fefc9d66-4fdc-4ff4-b6ab-f5e90404f722,"","Ghost"
C3_LarsVesh,dda5610e-b260-406d-a411-7de950d7d63f,a9be781f-44d5-4311-9d07-5c1fc9497502,"","Обязательно… Моя маленькая звездочка… Спасибо вам…"
C3_LarsVesh,91cac1f1-f946-4e4e-bb12-7b91f5ce1ba9,66a0ce7b-fbb1-470e-8aac-bf6b953adf7e,"","Что происходит? Что не так?"
C3_LarsVesh,5c3d61de-49b2-40ca-a11a-2a2cb3c74875,Choice Dont have Text ID,"","Нет. Вам я не могу помочь."
C3_LarsVesh,8059b07f-64d1-45ab-bb6b-d9f52af3deeb,Choice Dont have Text ID,"","Хорошо, я вам помогу"
C3_LarsVesh,52521e1a-3e5d-46a5-94fe-797bcfc06bd0,Choice Dont have Text ID,"","Передать ответ призрака"
C3_LarsVesh,d5d354c2-5b0a-4482-a492-4f013d266015,Choice Dont have Text ID,"","Ничего! Сейчас попробуем еще раз"
C3_LarsVesh,459865e7-4091-439b-bbea-f87da1a07018,Choice Dont have Text ID,"","Извини, мне кажется ничего не выйдет."
D1C1_MollyMoon,0c423495-06df-4b0d-9e36-022b68b9bb1a,10b790fb-5043-4dfd-9996-5ff058f354df,"","Если все верно - поставь ингредиенты на символы. Каждый символ означает что-то свое: расу, пол или возраст. Загляни в мануал, если сомневаешься!"
D1C1_MollyMoon,72803ef7-dd45-474c-ab2a-797ca6dc76ea,e44660fc-beb8-4f6d-abb3-721faac79216,"","Если ошибся - не переживай, выбери ненужный ингредиент на столе, чтобы отправить его обратно на полку"
D1C1_MollyMoon,0b127ccb-9357-4e9d-a2cc-6bc13906b4dd,6225c535-e3b1-417c-9293-f800c6a0ba74,"","Привет, начинающий медиум! Я рада, что ты наконец получила свою волшебную повозку и можешь приступать к работе!"
D1C1_MollyMoon,0b127ccb-9357-4e9d-a2cc-6bc13906b4dd,d0d4ef45-c49c-430a-a60f-2a908ab6ebea,"","Я так рада за тебя! Путь к этой профессии нелегкий!"
D1C1_MollyMoon,bbc77d11-ade2-4e21-b4df-a9b420e71604,6c55e3f1-4d67-446d-800a-7a2c56654f68,"","Осмотрись. Слева от тебя ингредиенты. Справа от тебя записная книжка."
D1C1_MollyMoon,2c3f80b8-e9a6-414c-885e-8ebd8f2dec77,7f766f6f-49fc-4a62-aaf3-4c11a3bd951a,"","Запомни. К тебе будут приходить люди. С помощью ингредиентов ты будешь призывать призрака и говорить с ним."
D1C1_MollyMoon,2c3f80b8-e9a6-414c-885e-8ebd8f2dec77,33b1c59c-a7b3-4059-8010-91096baf1a77,"","Тебе надо выслушать историю клиента и узнать, с <b>каким призраком</b> тебе предстоит связаться."
D1C1_MollyMoon,2c3f80b8-e9a6-414c-885e-8ebd8f2dec77,3676e770-de12-403f-9aaa-6b34b63c0436,"","Когда ты выслушаешь историю - на столе зажгутся знаки, на которые надо будет поставить ингредиенты! Готова начать?"
D1C1_MollyMoon,7044de6f-57ef-4e7f-81af-fb651d90a534,9596277b-7a40-47db-92ca-51b451985c71,"It's alright, little cornflower.","Приветствую тебя, новый медиум"
D1C1_MollyMoon,7044de6f-57ef-4e7f-81af-fb651d90a534,fefc9d66-4fdc-4ff4-b6ab-f5e90404f722,"Ghost","Ghost"
D1C1_MollyMoon,51ef8acd-a853-4b0f-a413-7ad51e328041,28403139-9d50-43bd-9cb2-4233fbf3074f,"I... uh... I don't want to anymore... for now!..","Эм... ну, ничего страшного! Не вышло и не вышло! Я дам тебе еще ингредиентов. Постарайся с настоящим клиентом не провалиться!"
D1C1_MollyMoon,4a5ff0fb-3cf0-4ecd-9a5c-0652b8480f78,e06ac053-52ed-4c4e-b425-aa39b28ede0c,"Is everything... everything alright? What’s wrong?","Попробуй снова. На этот раз хорошо запомни, в каком порядке светятся ингредиенты. И, конечно же, коснись их в этом порядке!"
D1C1_MollyMoon,91cac1f1-f946-4e4e-bb12-7b91f5ce1ba9,66a0ce7b-fbb1-470e-8aac-bf6b953adf7e," Is it... grandfather doesn’t want to speak?","Попробуй еще раз!"
D1C1_MollyMoon,dda5610e-b260-406d-a411-7de950d7d63f,a9be781f-44d5-4311-9d07-5c1fc9497502,"Thank you!.. Thank you so much!!!","Отлично! Молодец, молодец, молодец! Я так довольна тобой! И мой друг тобой явно доволен тоже!"
D1C1_MollyMoon,dda5610e-b260-406d-a411-7de950d7d63f,60fc6a09-df0e-40bc-8baf-ca91a6908e91,"","Следующий клиент уже будет настоящим. Постарайся справиться. А я приду к тебе, чтобы узнать, как твои дела, попозже!"
D1C1_MollyMoon,394d0d09-f175-48be-909e-2345779c99b4,a593dfed-dd8c-400e-b3d7-3d6a0c09b2a2,"","Cледуй за огнями!"
D1C1_MollyMoon,dfbdd4a6-f0c3-4eab-97cf-d6faa227c9a4,a047598d-034b-4a32-a551-d9fce1a04497,"","Итак. Мой друг был <b>мужчиной</b>. Он был <b>человеком</b>. Ему было <b>30</b> лет."
D1C1_MollyMoon,dfbdd4a6-f0c3-4eab-97cf-d6faa227c9a4,eaab94ef-84f6-4d97-9b49-5dc9d4650f8f,"","Теперь твой стол должен настроиться на призрака."
D1C1_MollyMoon,72fa6ead-49bf-46aa-8616-1877a91afad4,647f66e0-740c-4c0b-add8-ccd7562aec27,"","Посмотри в записную книжку, чтобы понять, какие ингредиенты тебе нужны и возьми их с полки."
D1C1_MollyMoon,c75c7ff2-c162-478b-b6b5-afdcf295c909,7677e3d4-eaff-4b29-96e6-77a6bbcbcf21,"","А теперь - начинай ритуал."
D1C1_MollyMoon,8059b07f-64d1-45ab-bb6b-d9f52af3deeb,Choice Dont have Text ID,"Alright, I will help you.","Да"
D1C1_MollyMoon,52521e1a-3e5d-46a5-94fe-797bcfc06bd0,Choice Dont have Text ID,"Deliver the ghost’s answer to the client.","Передать ответ призрака"
С4_RionGershe,dda5610e-b260-406d-a411-7de950d7d63f,a9be781f-44d5-4311-9d07-5c1fc9497502,"","Ч… что?! Она бы НИКОГДА так не сказала!"
С4_RionGershe,7044de6f-57ef-4e7f-81af-fb651d90a534,9596277b-7a40-47db-92ca-51b451985c71,"","Пусть этот урод сгниет в бедности."
С4_RionGershe,7044de6f-57ef-4e7f-81af-fb651d90a534,fefc9d66-4fdc-4ff4-b6ab-f5e90404f722,"","Ghost"
С4_RionGershe,dfbdd4a6-f0c3-4eab-97cf-d6faa227c9a4,1b922cec-a73e-447d-af20-e5a26c142e59,"","Нам нужно вызвать призрак <b>моей жены</b>."
С4_RionGershe,dfbdd4a6-f0c3-4eab-97cf-d6faa227c9a4,027fef62-8831-41ba-b328-28e41127a207,"","Я хочу узнать у нее, как расколдовать замок на семейном хранилище."
С4_RionGershe,dfbdd4a6-f0c3-4eab-97cf-d6faa227c9a4,8acf45cf-afec-4fbc-a5c3-add66bee7c2f,"","Я без денег из-за нее! Не оставила никаких инструкций!"
С4_RionGershe,51ef8acd-a853-4b0f-a413-7ad51e328041,28403139-9d50-43bd-9cb2-4233fbf3074f,"","Это… это фантастически плохо! Ты - ничтожество! Чтоб тебя духи прокляли!"
С4_RionGershe,4a5ff0fb-3cf0-4ecd-9a5c-0652b8480f78,e06ac053-52ed-4c4e-b425-aa39b28ede0c,"","Вообще, моя жена была такой же <b>эльфийкой</b>, как и ты. И вот она, в отличие от тебя, в колдовстве не ошибалась."
С4_RionGershe,91cac1f1-f946-4e4e-bb12-7b91f5ce1ba9,66a0ce7b-fbb1-470e-8aac-bf6b953adf7e,"","О, я зря доверился <b>остроухим!</b> Так и знал, что моя жена - исключение из правил…"
С4_RionGershe,8059b07f-64d1-45ab-bb6b-d9f52af3deeb,Choice Dont have Text ID,"","Хорошо, я вам помогу"
С4_RionGershe,52521e1a-3e5d-46a5-94fe-797bcfc06bd0,Choice Dont have Text ID,"","Передать ответ призрака"
С4_RionGershe,5c3d61de-49b2-40ca-a11a-2a2cb3c74875,Choice Dont have Text ID,"","Нет. Вам я не могу помочь."
С4_RionGershe,8b471324-1450-484b-ac5a-9b2de84e65a4,Choice Dont have Text ID,"","Извини, мне кажется ничего не выйдет."
С4_RionGershe,ed550102-d0ff-4853-8e31-efadc3cdad42,Choice Dont have Text ID,"","Ничего! Сейчас попробуем еще раз"
С5_ElizabethArm,dda5610e-b260-406d-a411-7de950d7d63f,a9be781f-44d5-4311-9d07-5c1fc9497502,"","Ах, моя маленькая Нора! Нора! Солнышко мое!.. Спасибо... спасибо вам… Я обязательно… буду сильной… Для нее."
С5_ElizabethArm,7044de6f-57ef-4e7f-81af-fb651d90a534,9596277b-7a40-47db-92ca-51b451985c71,"","Будь сильной, мамочка"
С5_ElizabethArm,7044de6f-57ef-4e7f-81af-fb651d90a534,fefc9d66-4fdc-4ff4-b6ab-f5e90404f722,"","Ghost"
С5_ElizabethArm,dfbdd4a6-f0c3-4eab-97cf-d6faa227c9a4,1b922cec-a73e-447d-af20-e5a26c142e59,"","Я… Из-за несчастного случая… так вышло, что… Простите, мне трудно не плакать…"
С5_ElizabethArm,dfbdd4a6-f0c3-4eab-97cf-d6faa227c9a4,9604e459-3e00-4ada-8aff-1ebbd2681f45,"","Простите… Было так тяжело вас найти и решиться, но… мне это нужно…"
С5_ElizabethArm,dfbdd4a6-f0c3-4eab-97cf-d6faa227c9a4,24f798c9-82c9-42d0-981c-2d0ca55e951f,"","<b>Моя приемная дочурка</b>, мое солнышко…"
С5_ElizabethArm,dfbdd4a6-f0c3-4eab-97cf-d6faa227c9a4,f6948090-f562-4021-9c2d-9077d596b63b,"","Она умерла и… мне важно знать, в обиде ли она на меня…"
С5_ElizabethArm,4a5ff0fb-3cf0-4ecd-9a5c-0652b8480f78,e06ac053-52ed-4c4e-b425-aa39b28ede0c,"","Вы… Неужели, она так зла на меня?.. Я была не лучшей матерью, но я взяла ее к себе, пусть она и <b>дворф</b>, и воспитывала ее, как свое собственное дитя…"
С5_ElizabethArm,91cac1f1-f946-4e4e-bb12-7b91f5ce1ba9,66a0ce7b-fbb1-470e-8aac-bf6b953adf7e,"","Я… я не верю… она не хочет меня видеть?..."
С5_ElizabethArm,51ef8acd-a853-4b0f-a413-7ad51e328041,28403139-9d50-43bd-9cb2-4233fbf3074f,"","Я не могу так. Вы… вы чудовище… Как вы можете так со мной поступать?! Я столько сделала, чтобы найти вас!... Провались пропадом!.."
С5_ElizabethArm,52521e1a-3e5d-46a5-94fe-797bcfc06bd0,Choice Dont have Text ID,"","Передать ответ призрака"
С5_ElizabethArm,8059b07f-64d1-45ab-bb6b-d9f52af3deeb,Choice Dont have Text ID,"","Хорошо, я вам помогу"
С5_ElizabethArm,5c3d61de-49b2-40ca-a11a-2a2cb3c74875,Choice Dont have Text ID,"","Нет. Вам я не могу помочь"
С5_ElizabethArm,e9e432ea-ce74-4df1-ab2f-3504a391eb42,Choice Dont have Text ID,"","(Продолжить работу)"
С5_ElizabethArm,9be8af31-6861-4fd6-927e-6df76c9fd44e,Choice Dont have Text ID,"","Я не смогу сделать это (отказаться от работы)"
D2C1_FerraFatalle,91cac1f1-f946-4e4e-bb12-7b91f5ce1ba9,66a0ce7b-fbb1-470e-8aac-bf6b953adf7e,"","Это... дедушка не хочет говорить?"
D2C1_FerraFatalle,4a5ff0fb-3cf0-4ecd-9a5c-0652b8480f78,e06ac053-52ed-4c4e-b425-aa39b28ede0c,"","Ты что творишь?! Душка! Так нельзя! Ну кто мешает <b>ЭКСТРАКТ ХМЕЛЯ</b> и <b>ВЕДЬМИНУ СОЛЬ</b>? Так, как старшая младшей, дарю. Держи индигриенты и пробуй снова!"
D2C1_FerraFatalle,dda5610e-b260-406d-a411-7de950d7d63f,a9be781f-44d5-4311-9d07-5c1fc9497502,"","Ах… как жаль, что призраки не могут говорить много… он писал такие стихи!.. М-м-м… спасибо за ностальгию, детонька. Пока."
D2C1_FerraFatalle,51ef8acd-a853-4b0f-a413-7ad51e328041,28403139-9d50-43bd-9cb2-4233fbf3074f,"","Я... это... я не хочу больше... пока!.."
D2C1_FerraFatalle,7044de6f-57ef-4e7f-81af-fb651d90a534,9596277b-7a40-47db-92ca-51b451985c71,"","Ты все еще также красива, Ферра…"
D2C1_FerraFatalle,7044de6f-57ef-4e7f-81af-fb651d90a534,fefc9d66-4fdc-4ff4-b6ab-f5e90404f722,"","Ghost"
D2C1_FerraFatalle,dfbdd4a6-f0c3-4eab-97cf-d6faa227c9a4,1b922cec-a73e-447d-af20-e5a26c142e59,"","Так, смотри, какая ситуация. У меня был любовник. <b>Мужчинка</b> под смерть был еще <b>не старый</b>, но уже женатый, все такое. <b>Дворфик</b>, угум."
D2C1_FerraFatalle,dfbdd4a6-f0c3-4eab-97cf-d6faa227c9a4,3d38715c-72bc-49cd-b9bd-e9897ee30159,"","Серьезный такой, богатенький. Угум.
Вот он так сладко флиртовал… хочется послушать!"
D2C1_FerraFatalle,8059b07f-64d1-45ab-bb6b-d9f52af3deeb,Choice Dont have Text ID,"","Хорошо, я вам помогу"
D2C1_FerraFatalle,52521e1a-3e5d-46a5-94fe-797bcfc06bd0,Choice Dont have Text ID,"","Передать ответ призрака клиенту"
D2C2_2_Dandelion,bb34f68f-cbb5-481b-9b85-a3f56fee9c97,97322d93-2e3f-4d65-b5e5-ac8ba42e218a,"","Но подожди. Зачем? Ты могла спокойно работать у нас в таверне. После всего, что случилось, мы бы никогда тебе не отказали…"
D2C2_2_Dandelion,cf968ff0-b5fe-43fe-9734-bbb971dba802,7c7e4b04-1141-4f77-94a5-e1abe92f8d51,"","Я постараюсь узнать что-то. Вернусь завтра ночью."
D2C2_2_Dandelion,dfbdd4a6-f0c3-4eab-97cf-d6faa227c9a4,1b922cec-a73e-447d-af20-e5a26c142e59,"","Ты? Это правда ты?"
D2C2_2_Dandelion,bec9d105-6558-4314-97cf-b49ee3348794,ab2a4fb6-3480-45b7-bfdf-4b79cc97e062,"","Я так рада!.. Я волновалась, не знала, что с тобой случилось, и… я так рада, что ты в порядке.  Но… зачем ты подалась в медиумы?"
D2C2_2_Dandelion,ce3f7ba0-2b61-481b-8ebd-f69875ab8911,62c16087-44f6-4626-9d69-3c136fd985e0,"","Ты о <b>Изогнутом Страннике</b>?.. Что ж… вы были близки. Я могу понять. Как мне помочь тебе?"
D2C2_2_Dandelion,dc4465c7-f1a4-4d4c-b407-11660a6fc132,2f9ad470-0ae4-48df-8a52-707625f8dfbd,"","Я готова слушать. Я слышала, что для того, чтобы стать медиумом, нужно пройти через смерть… это так?"
D2C2_2_Dandelion,7197519f-ae35-43a7-a988-fe3bb4f8d25d,Choice Dont have Text ID,"","Это долгая история…"
D2C2_2_Dandelion,283c54d4-ebe8-44a1-8ea8-af3f2f223d5a,Choice Dont have Text ID,"","...да. Я прошла сложный путь, чтобы обрести этот дар. И вот я здесь. "
D2C2_2_Dandelion,b7b3d52a-c498-41d0-aa74-0a25a0d192bc,Choice Dont have Text ID,"","Я хочу поговорить <b>с ним</b>. "
D2C2_2_Dandelion,8059b07f-64d1-45ab-bb6b-d9f52af3deeb,Choice Dont have Text ID,"","Да"
D2C2_2_Dandelion,eca1488c-5437-4161-a69b-a8a4f90f3d0a,Choice Dont have Text ID,"","Мне нужно узнать его <b>возраст, расу и пол</b>."
D2C2_Evian,51ef8acd-a853-4b0f-a413-7ad51e328041,28403139-9d50-43bd-9cb2-4233fbf3074f,"","Ничего… видимо, нам больше не суждено поговорить. Что ж. До свидания, милая леди."
D2C2_Evian,7044de6f-57ef-4e7f-81af-fb651d90a534,9596277b-7a40-47db-92ca-51b451985c71,"","Спасибо вам, капитан."
D2C2_Evian,7044de6f-57ef-4e7f-81af-fb651d90a534,fefc9d66-4fdc-4ff4-b6ab-f5e90404f722,"","Ghost"
D2C2_Evian,dda5610e-b260-406d-a411-7de950d7d63f,a9be781f-44d5-4311-9d07-5c1fc9497502,"","Это… я плох в словах, милая леди. Но это… самое лучшее, что я мог услышать… И самое тяжелое одновременно. До свидания. Пусть у вас все будет хорошо."
D2C2_Evian,4a5ff0fb-3cf0-4ecd-9a5c-0652b8480f78,e06ac053-52ed-4c4e-b425-aa39b28ede0c,"","Понимаю. В любом деле… бывают провалы."
D2C2_Evian,b1c2e9ca-14ec-49ad-9d7c-3a12759f8a3a,83601fb5-06a8-4d2c-887f-5dbc31051b7d,"","Что-то не так?"
D2C2_Evian,dfbdd4a6-f0c3-4eab-97cf-d6faa227c9a4,1b922cec-a73e-447d-af20-e5a26c142e59,"","Здравствуй, милая леди. Меня зовут Эвиан, я рад нашей встрече. Я… вел на войну наш отряд. И вы знаете, что случилось при южном скло.."
D2C2_Evian,dfbdd4a6-f0c3-4eab-97cf-d6faa227c9a4,17297180-da79-4d4b-844b-1e4d9612684c,"","Простите меня. Я хотел рассказать вам все, что может быть нужно. Но я плохо знаком с вашим делом."
D2C2_Evian,dfbdd4a6-f0c3-4eab-97cf-d6faa227c9a4,1febd8d9-739b-4a27-af27-39bcb4c14501,"","Я хочу найти ее. Она была в наших рядах, боевым магом. <b>Юная эльфийка</b>… слишком<b>юная</b> для войны. У нее были прекрасные белые локоны и самая нежная улыбка на свете. И она… кое-что не успела сказать."
D2C2_Evian,52521e1a-3e5d-46a5-94fe-797bcfc06bd0,Choice Dont have Text ID,"","Передать ответ призрака клиенту"
D2C2_Evian,866758df-3e2f-4e48-9e20-24e7c09fd796,Choice Dont have Text ID,"","(продолжить работу)"
D2C2_Evian,a68ee1e3-df25-4c88-93f8-679682cba181,Choice Dont have Text ID,"","Я не смогу выполнить эту задачу (отказаться от работы)"
D2C2_Evian,8059b07f-64d1-45ab-bb6b-d9f52af3deeb,Choice Dont have Text ID,"","Хорошо, я вам помогу"
D2C2_Evian,5c3d61de-49b2-40ca-a11a-2a2cb3c74875,Choice Dont have Text ID,"","Нет. Вам я не могу помочь."
D2C3_Melliel,dfbdd4a6-f0c3-4eab-97cf-d6faa227c9a4,1b922cec-a73e-447d-af20-e5a26c142e59,"","Доброй ночи. Мой <b>старший брат</b> погиб на войне. Сейчас мне очень, очень нужен его совет."
D2C3_Melliel,dda5610e-b260-406d-a411-7de950d7d63f,a9be781f-44d5-4311-9d07-5c1fc9497502,"","Это… это… спасибо! Я так рада! Спасибо, братец! Я обязательно навещу твое дерево на свадьбе! И вам спасибо! Большое!"
D2C3_Melliel,c95b4680-3cff-4274-9b83-ca065bd35cbb,7b2fbecb-6a82-4d10-812c-b04f1f04c148,"","Все в порядке?"
D2C3_Melliel,7044de6f-57ef-4e7f-81af-fb651d90a534,9596277b-7a40-47db-92ca-51b451985c71,"","Да, выходи за него."
D2C3_Melliel,7044de6f-57ef-4e7f-81af-fb651d90a534,fefc9d66-4fdc-4ff4-b6ab-f5e90404f722,"","Ghost"
D2C3_Melliel,51ef8acd-a853-4b0f-a413-7ad51e328041,28403139-9d50-43bd-9cb2-4233fbf3074f,"","Я… буду считать, что так он сказал мне “нет”? Или… ладно. У вас просто не вышло. Я поняла. Пока."
D2C3_Melliel,5c3d61de-49b2-40ca-a11a-2a2cb3c74875,Choice Dont have Text ID,"","Нет. Вам я не могу помочь."
D2C3_Melliel,8059b07f-64d1-45ab-bb6b-d9f52af3deeb,Choice Dont have Text ID,"","Хорошо, я вам помогу"
D2C3_Melliel,52521e1a-3e5d-46a5-94fe-797bcfc06bd0,Choice Dont have Text ID,"","Передать ответ призрака клиенту"
D2C3_Melliel,59e3f7c2-8784-4c16-a97f-594f8601bdd9,Choice Dont have Text ID,"","Я не смогу выполнить эту задачу (отказаться от работы)"
D2C3_Melliel,78a20663-354d-4ce5-81fe-6bf4f19ead34,Choice Dont have Text ID,"","(продолжить работу)"
D2C4_Twisted Warrior,dfbdd4a6-f0c3-4eab-97cf-d6faa227c9a4,1b922cec-a73e-447d-af20-e5a26c142e59,"","Доброй ночи, медиум. Надеюсь, я не испугал тебе. Я убил <b>дворфа</b> недавно. <b>Он</b> напал на меня, испугавшись."
D2C4_Twisted Warrior,dfbdd4a6-f0c3-4eab-97cf-d6faa227c9a4,d0decd66-b3c3-4f63-8a26-1476d18f8944,"","Помоги мне, медиум. Он был <b>взрослым мужчиной</b>, у него могли остаться дети. Я хочу им помочь."
D2C4_Twisted Warrior,7044de6f-57ef-4e7f-81af-fb651d90a534,9596277b-7a40-47db-92ca-51b451985c71,"","Мне ничего не надо от чудовища."
D2C4_Twisted Warrior,7044de6f-57ef-4e7f-81af-fb651d90a534,fefc9d66-4fdc-4ff4-b6ab-f5e90404f722,"","Ghost"
D2C4_Twisted Warrior,dda5610e-b260-406d-a411-7de950d7d63f,a9be781f-44d5-4311-9d07-5c1fc9497502,"","Что ж. Его воля. До свидания, медиум."
D2C4_Twisted Warrior,4a5ff0fb-3cf0-4ecd-9a5c-0652b8480f78,e06ac053-52ed-4c4e-b425-aa39b28ede0c,"","Не волнуйтесь, я умею ждать"
D2C4_Twisted Warrior,91cac1f1-f946-4e4e-bb12-7b91f5ce1ba9,66a0ce7b-fbb1-470e-8aac-bf6b953adf7e,"","Продолжайте."
D2C4_Twisted Warrior,51ef8acd-a853-4b0f-a413-7ad51e328041,28403139-9d50-43bd-9cb2-4233fbf3074f,"","Что ж… не судьба. Жаль, узнаю иначе. До свидания, медиум."
D2C4_Twisted Warrior,8059b07f-64d1-45ab-bb6b-d9f52af3deeb,Choice Dont have Text ID,"","Хорошо, я вам помогу"
D2C4_Twisted Warrior,5c3d61de-49b2-40ca-a11a-2a2cb3c74875,Choice Dont have Text ID,"","Нет. Вам я не могу помочь."
D2C4_Twisted Warrior,52521e1a-3e5d-46a5-94fe-797bcfc06bd0,Choice Dont have Text ID,"","Передать ответ призрака"
D2C4_Twisted Warrior,e48c2b46-132c-4ef3-9d5f-5bf079f43f49,Choice Dont have Text ID,"","(продолжить работу)"
D2C4_Twisted Warrior,fdc050f4-3987-4e89-9eb0-cc135f3b05ab,Choice Dont have Text ID,"","Я не смогу выполнить эту задачу (отказаться от работы)"
D2C5_5_AddTools,dfbdd4a6-f0c3-4eab-97cf-d6faa227c9a4,1b922cec-a73e-447d-af20-e5a26c142e59,"","Вижу, ты хорошо освоилась! И, как я заметила, ты уже столкнулась с сложностями. Чтобы облегчить тебе работу, я даю тебе лупу и зеркало."
D2C5_5_AddTools,dfbdd4a6-f0c3-4eab-97cf-d6faa227c9a4,d0decd66-b3c3-4f63-8a26-1476d18f8944,"","Эти волшебные предметы помогут тебе с конфликтами ингредиентов. Как они работают ты можешь прочесть в записной книжке. 
Ты молодец! Так держать!"
D2C5_5_AddTools,8059b07f-64d1-45ab-bb6b-d9f52af3deeb,Choice Dont have Text ID,"","Спасибо!"
D3C2_Dandelion,dfbdd4a6-f0c3-4eab-97cf-d6faa227c9a4,1b922cec-a73e-447d-af20-e5a26c142e59,"","Я говорила со всеми, с кем могла. И я узнала вот что: у него была <b>подруга-эльфийка</b>, с которой он общался до нас!"
D3C2_Dandelion,dfbdd4a6-f0c3-4eab-97cf-d6faa227c9a4,999d440e-1d68-4c56-8490-c661940190c7,"","У меня с собой ее рисунок с его портретом! Возьми! Может, она что-то нам о нем расскажет?"
D3C2_Dandelion,dda5610e-b260-406d-a411-7de950d7d63f,a9be781f-44d5-4311-9d07-5c1fc9497502,"","Чтоб тебя!.. Я поищу еще… спасибо. И возьми немного монет. Работа у тебя тяжелая. А я пойду искать еще…"
D3C2_Dandelion,7044de6f-57ef-4e7f-81af-fb651d90a534,9596277b-7a40-47db-92ca-51b451985c71,"","</b>Он был мне, как брат</b>"
D3C2_Dandelion,7044de6f-57ef-4e7f-81af-fb651d90a534,fefc9d66-4fdc-4ff4-b6ab-f5e90404f722,"","Ghost"
D3C2_Dandelion,91cac1f1-f946-4e4e-bb12-7b91f5ce1ba9,66a0ce7b-fbb1-470e-8aac-bf6b953adf7e,"","Я в тебя верю! Не переставай пытаться!"
D3C2_Dandelion,4a5ff0fb-3cf0-4ecd-9a5c-0652b8480f78,e06ac053-52ed-4c4e-b425-aa39b28ede0c,"","Ну давай же! Ты сможешь!"
D3C2_Dandelion,51ef8acd-a853-4b0f-a413-7ad51e328041,28403139-9d50-43bd-9cb2-4233fbf3074f,"","Нет! Сорвалось! Чтоб тебя!.. Я поищу еще"
D3C2_Dandelion,52521e1a-3e5d-46a5-94fe-797bcfc06bd0,Choice Dont have Text ID,"","Передать ответ призрака"
D3C2_Dandelion,8059b07f-64d1-45ab-bb6b-d9f52af3deeb,Choice Dont have Text ID,"","Хорошо"
D3C2_Dandelion,27603d81-f04e-403b-995d-d3b63c2fdff4,Choice Dont have Text ID,"","Нет необходимости, спасибо"
D3C2_Dandelion,f6aaed57-e8a7-4f2c-898b-c8206a82ee09,Choice Dont have Text ID,"","(продолжить работу)"
D3C2_Dandelion,5a10fed0-a242-4069-ae5e-b0ee36b1bfca,Choice Dont have Text ID,"","Я не смогу выполнить эту задачу (отказаться от работы)"
D3C5_5_Molly Moon,4a5ff0fb-3cf0-4ecd-9a5c-0652b8480f78,e06ac053-52ed-4c4e-b425-aa39b28ede0c,"","Постарайся еще!"
D3C5_5_Molly Moon,51ef8acd-a853-4b0f-a413-7ad51e328041,28403139-9d50-43bd-9cb2-4233fbf3074f,"","Слушай, ну это даже обидно! Остальным можешь, а мне не можешь! Ну, ладненько."
D3C5_5_Molly Moon,dda5610e-b260-406d-a411-7de950d7d63f,a9be781f-44d5-4311-9d07-5c1fc9497502,"","О, отлично! Что ж, спасибочки, родная! До завтра!"
D3C5_5_Molly Moon,dda5610e-b260-406d-a411-7de950d7d63f,fc64f175-8a79-4c2c-88c9-dbd3def52fd6,"","Клиент"
D3C5_5_Molly Moon,7044de6f-57ef-4e7f-81af-fb651d90a534,9596277b-7a40-47db-92ca-51b451985c71,"","Тайная дверь под белым дубом"
D3C5_5_Molly Moon,7044de6f-57ef-4e7f-81af-fb651d90a534,fefc9d66-4fdc-4ff4-b6ab-f5e90404f722,"","Ghost"
D3C5_5_Molly Moon,dfbdd4a6-f0c3-4eab-97cf-d6faa227c9a4,1b922cec-a73e-447d-af20-e5a26c142e59,"","Ух ты, какая ты уставшая! Тяжелая ночь? Знаешь, я немного присматриваю за тобой. И заметила, что ты начала собственное расследование! Это здорово. Но я хочу знать больше. Кого ты ищешь?"
D3C5_5_Molly Moon,070095c0-5aa9-4a68-9750-b8c59829071b,74fee0c3-f308-4d8d-a2bd-911862d0c9d1,"","Ого. И при этом ты не знаешь его <b>расы и возраста</b>? Уникально!"
D3C5_5_Molly Moon,1a47da78-878e-42a1-a4d8-fcc0052849c9,8ea2b725-846d-40db-85c4-8f4c1fb2eeb3,"","Ладно-ладно! Больше не лезу в душу! Я рада, что у тебя все хорошо. А теперь, пожалуйста, призови для меня <b>маленькую эльфийскую девочку</b>. Ее звали Натаниэль. Надо спросить ее, где ее мама хранила свои запасы зелий. "
D3C5_5_Molly Moon,52521e1a-3e5d-46a5-94fe-797bcfc06bd0,Choice Dont have Text ID,"","Передать ответ призрака"
D3C5_5_Molly Moon,b5f93ebb-e79b-4112-ace1-7e23b5656b2f,Choice Dont have Text ID,"","Он был <b>проклятым</b>… Ты сама знаешь, что возраст и расу у них определить сложно… а вопросы я не задавала…"
D3C5_5_Molly Moon,e1b9ca2d-7c29-46dd-aaa0-a44337af6c43,Choice Dont have Text ID,"","Хорошо"
D3C5_5_Molly Moon,8059b07f-64d1-45ab-bb6b-d9f52af3deeb,Choice Dont have Text ID,"","Я ищу <b>Изогнутого странника</b>. Он был моим другом. Он… спас меня, когда моя жизнь стала совсем невыносимой. Он помог мне кровом и деньгами. Он познакомил меня с множеством людей. Он научил меня магии. "
D3C5_Ursul,7044de6f-57ef-4e7f-81af-fb651d90a534,9596277b-7a40-47db-92ca-51b451985c71,"","Нет, я всегда боялась тебя."
D3C5_Ursul,7044de6f-57ef-4e7f-81af-fb651d90a534,fefc9d66-4fdc-4ff4-b6ab-f5e90404f722,"","Ghost"
D3C5_Ursul,51ef8acd-a853-4b0f-a413-7ad51e328041,28403139-9d50-43bd-9cb2-4233fbf3074f,"","Ясно. "
D3C5_Ursul,dda5610e-b260-406d-a411-7de950d7d63f,a9be781f-44d5-4311-9d07-5c1fc9497502,"","…Я… Это оказалось больнее, чем я думала. Но я рада… что узнала. Прощай, медиум. Мне надо подумать."
D3C5_Ursul,4a5ff0fb-3cf0-4ecd-9a5c-0652b8480f78,e06ac053-52ed-4c4e-b425-aa39b28ede0c,"","Я не спешу. Давай еще раз."
D3C5_Ursul,b0d518b7-ba84-4f65-a003-07a4c3f24957,0489825c-5fa4-4502-82c9-4b328be5b6c9,"","Попытайся опять"
D3C5_Ursul,dfbdd4a6-f0c3-4eab-97cf-d6faa227c9a4,1b922cec-a73e-447d-af20-e5a26c142e59,"","Здравствуй, медиум.  Почему твой взгляд такой удивленный?"
D3C5_Ursul,00473303-6d68-4c2c-9570-8e6a175402cf,c7c64976-c527-4d93-ab15-3f96267b1aae,"","Да, мы бываем и дворфами"
D3C5_Ursul,834915ca-816f-483c-bb02-884ee8241b36,340d7579-b6c7-4e62-95fd-2b8333daba0e,"","Но вернемся к делу. Я любила одну <b>дворфийскую женщину</b>, но не успела признаться ей. Не решалась. Хочу… узнать ответ."
D3C5_Ursul,52521e1a-3e5d-46a5-94fe-797bcfc06bd0,Choice Dont have Text ID,"","Передать ответ призрака"
D3C5_Ursul,8059b07f-64d1-45ab-bb6b-d9f52af3deeb,Choice Dont have Text ID,"","Хорошо, я вам помогу"
D3C5_Ursul,5c3d61de-49b2-40ca-a11a-2a2cb3c74875,Choice Dont have Text ID,"","Нет. Вам я не могу помочь."
D3C5_Ursul,33e22f0d-5bea-41fe-b398-c43faa698f72,Choice Dont have Text ID,"","Я не смогу выполнить эту задачу (отказаться от работы)"
D3C5_Ursul,1afb09e7-eda5-4219-af2d-a09d726eca2d,Choice Dont have Text ID,"","(продолжить работу)"
D3C5_Ursul,fae83c4f-8720-4845-b9de-1cab547ecc1b,Choice Dont have Text ID,"","Я… простите, не видела проклятых, похожих на вас…"
D4C1_Dandelion,7044de6f-57ef-4e7f-81af-fb651d90a534,9596277b-7a40-47db-92ca-51b451985c71,"","Он был старше моих родителей…"
D4C1_Dandelion,7044de6f-57ef-4e7f-81af-fb651d90a534,fefc9d66-4fdc-4ff4-b6ab-f5e90404f722,"","Ghost"
D4C1_Dandelion,dda5610e-b260-406d-a411-7de950d7d63f,a9be781f-44d5-4311-9d07-5c1fc9497502,"","О… ого, я бы никогда не подумала… Х-хорошо. Осталась раса… Знаешь, я…я, если честно, всегда немного завидовала тому, как вы с ним общались…"
D4C1_Dandelion,dda5610e-b260-406d-a411-7de950d7d63f,c461971b-c35c-4d3e-b3cd-563eb97fd82f,"","Но вот, мы с тобой стоим тут… и ты тоже о нем ничего не знаешь, ха… Глупо как-то вышло…"
D4C1_Dandelion,dda5610e-b260-406d-a411-7de950d7d63f,938c6a53-adc3-43f2-8e7f-4f3ee7651ce1,"","Ладно, извини. У тебя еще вся рабочая ночь впереди.  Держись. А я приду послезавтра. Надеюсь, с ответами."
D4C1_Dandelion,4a5ff0fb-3cf0-4ecd-9a5c-0652b8480f78,e06ac053-52ed-4c4e-b425-aa39b28ede0c,"","Так, не волнуйся! Все хорошо!"
D4C1_Dandelion,dfbdd4a6-f0c3-4eab-97cf-d6faa227c9a4,1b922cec-a73e-447d-af20-e5a26c142e59,"","Я нашла, смотри… я не знала ее, но вот, я нашла. Это была <b>старушка-эльфийка</b>, и <b>она</b> знала его! <b>Она</b> нам подскажет… хотя бы что-то? Ладно, ладно."
D4C1_Dandelion,dfbdd4a6-f0c3-4eab-97cf-d6faa227c9a4,502464ba-98f5-4404-98c6-cba76d4086b4,"","Нам надо спросить, как давно <b>она</b> его знает! Или из какой он семьи! Что-нибудь пусть расскажет!"
D4C1_Dandelion,79093e23-49dc-4493-9149-f46732b10297,7cf77634-dedc-4027-8935-febcefa987b3,"","Попробуй еще раз"
D4C1_Dandelion,51ef8acd-a853-4b0f-a413-7ad51e328041,28403139-9d50-43bd-9cb2-4233fbf3074f,"","Я… я не знаю, что теперь делать…"
D4C1_Dandelion,52521e1a-3e5d-46a5-94fe-797bcfc06bd0,Choice Dont have Text ID,"","Передать ответ призрака клиенту"
D4C1_Dandelion,8059b07f-64d1-45ab-bb6b-d9f52af3deeb,Choice Dont have Text ID,"","Хорошо, я вам помогу"
D4C1_Dandelion,5c3d61de-49b2-40ca-a11a-2a2cb3c74875,Choice Dont have Text ID,"","Нет. Вам я не могу помочь."
D4C1_Dandelion,b4cb70ed-1f98-44df-b8a0-b430bdd5785f,Choice Dont have Text ID,"","(продолжить работу)"
D4C1_Dandelion,6d6bd5c1-c8a6-414c-8194-5c4e368ec321,Choice Dont have Text ID,"","Я не смогу выполнить эту задачу (отказаться от работы)"
D4C3_Ferra Fatalle,dda5610e-b260-406d-a411-7de950d7d63f,a9be781f-44d5-4311-9d07-5c1fc9497502,"","Ой, какой хороший мальчик! И ты, душенька, просто чудо! Спасибочки! Пока-пока!"
D4C3_Ferra Fatalle,7044de6f-57ef-4e7f-81af-fb651d90a534,9596277b-7a40-47db-92ca-51b451985c71,"","Завещание в синих часах"
D4C3_Ferra Fatalle,7044de6f-57ef-4e7f-81af-fb651d90a534,fefc9d66-4fdc-4ff4-b6ab-f5e90404f722,"","Ghost"
D4C3_Ferra Fatalle,dfbdd4a6-f0c3-4eab-97cf-d6faa227c9a4,1b922cec-a73e-447d-af20-e5a26c142e59,"","Привет, дорогушенька. Я нашептала паре птичек, как ты хороша! Жди прилив девочек-ведьмочек! Хи-хи-хи… А, так. точно."
D4C3_Ferra Fatalle,dfbdd4a6-f0c3-4eab-97cf-d6faa227c9a4,c9f207d0-c463-44b7-8e66-79d7b709873e,"","Слушай, надо поворковать с одним <b>человечком</b>. Я чуточку перестаралась с ним недавно… Ну, <b>старички</b> они все такие. Но ты не волнуйся, <b>он</b> точно умер счастливым!"
D4C3_Ferra Fatalle,ed05f2dd-c09a-4c88-89a3-88b21bd2ba36,92425787-4813-4bb2-9f27-0fa59e5a6bb8,"","Попробуй еще раз"
D4C3_Ferra Fatalle,4a5ff0fb-3cf0-4ecd-9a5c-0652b8480f78,e06ac053-52ed-4c4e-b425-aa39b28ede0c,"","Продолжай, продолжай"
D4C3_Ferra Fatalle,51ef8acd-a853-4b0f-a413-7ad51e328041,28403139-9d50-43bd-9cb2-4233fbf3074f,"","Ух, придется потратиться посерьезнее, видимо. Ай-яй. Пока, душенька! Зайду еще!"
D4C3_Ferra Fatalle,5c3d61de-49b2-40ca-a11a-2a2cb3c74875,Choice Dont have Text ID,"","Нет. Вам я не могу помочь."
D4C3_Ferra Fatalle,8059b07f-64d1-45ab-bb6b-d9f52af3deeb,Choice Dont have Text ID,"","Хорошо, я вам помогу"
D4C3_Ferra Fatalle,52521e1a-3e5d-46a5-94fe-797bcfc06bd0,Choice Dont have Text ID,"","Передать ответ призрака клиенту"
D4C3_Ferra Fatalle,5d0845c0-6a82-4203-93a3-0c2cd856456b,Choice Dont have Text ID,"","(продолжить работу)"
D4C3_Ferra Fatalle,5266f629-a844-487e-8dff-c025b0f170b3,Choice Dont have Text ID,"","Я не смогу выполнить эту задачу (отказаться от работы)"
D4C5_Ragda Badstone,7044de6f-57ef-4e7f-81af-fb651d90a534,9596277b-7a40-47db-92ca-51b451985c71,"","Все еще больно."
D4C5_Ragda Badstone,7044de6f-57ef-4e7f-81af-fb651d90a534,fefc9d66-4fdc-4ff4-b6ab-f5e90404f722,"","Ghost"
D4C5_Ragda Badstone,dda5610e-b260-406d-a411-7de950d7d63f,a9be781f-44d5-4311-9d07-5c1fc9497502,"","О, да! Да! Я была права! Да, да, да! Вот он, вкус настоящей победы!.."
D4C5_Ragda Badstone,dda5610e-b260-406d-a411-7de950d7d63f,a77602e9-8f04-4eba-91f7-536a1939abe6,"","Что ж… то, что ты просила. <b>Изогнутый странник</b> из эльфийской семьи. Это безусловно. Его мать - Милиан из Голубого Леса. Его отец - Эвиаргаль с Черных Берегов. Ныне мертвы, как и все его братья и сестры. А теперь - я откланяюсь. "
D4C5_Ragda Badstone,dda5610e-b260-406d-a411-7de950d7d63f,1fff2974-ea60-4f5c-9849-0a0668922ccf,"","До свидания и помни: ты меня не видела, медиум."
D4C5_Ragda Badstone,dda5610e-b260-406d-a411-7de950d7d63f,fc64f175-8a79-4c2c-88c9-dbd3def52fd6,"","Клиент"
D4C5_Ragda Badstone,dfbdd4a6-f0c3-4eab-97cf-d6faa227c9a4,1b922cec-a73e-447d-af20-e5a26c142e59,"","Доброй ночи, медиум. Я темная ведьма Рагда. У меня к тебе дело…"
D4C5_Ragda Badstone,dfbdd4a6-f0c3-4eab-97cf-d6faa227c9a4,a4789d05-dea4-4466-bff7-f22ad0503e59,"","Вороны нашептали мне, что ты ищешь тайну происхождения <b>Изогнутого Странника</b>. Если справишься с моей задачей, то я расскажу тебе эту тайну. Но взамен ты никому не расскажешь о том, что я приходила."
D4C5_Ragda Badstone,dfbdd4a6-f0c3-4eab-97cf-d6faa227c9a4,dc04bca1-49d3-44bf-84ba-ca62e90d8288,"","Я прокляла самой страшной моей запретной магией Амфиэль, <b>эльфийку</b> из Голубого Леса. Она и ее дети сделали кое-что непростительное… и я хочу узнать, как проклятие действует после смерти. Так что свяжись с ней."
D4C5_Ragda Badstone,272ca774-1176-4f07-8639-e3a778d620b0,a5a4ddfd-9996-406a-b9ea-8f71708c96dc,"","Попробуй еще раз"
D4C5_Ragda Badstone,51ef8acd-a853-4b0f-a413-7ad51e328041,28403139-9d50-43bd-9cb2-4233fbf3074f,"","Какое разочарование."
D4C5_Ragda Badstone,52521e1a-3e5d-46a5-94fe-797bcfc06bd0,Choice Dont have Text ID,"","Передать ответ призрака клиенту"
D4C5_Ragda Badstone,8059b07f-64d1-45ab-bb6b-d9f52af3deeb,Choice Dont have Text ID,"","Хорошо, я вам помогу"
D4C5_Ragda Badstone,5c3d61de-49b2-40ca-a11a-2a2cb3c74875,Choice Dont have Text ID,"","Нет. Вам я не могу помочь."
D4C5_Ragda Badstone,ced845e1-ecbd-4caa-8439-058dfce90c3d,Choice Dont have Text ID,"","(продолжить работу)"
D4C5_Ragda Badstone,1355c116-e7d6-4b0e-9dfe-bc049d79262d,Choice Dont have Text ID,"","Я не смогу выполнить эту задачу (отказаться от работы)"
D5C2_Molly Moon,51ef8acd-a853-4b0f-a413-7ad51e328041,28403139-9d50-43bd-9cb2-4233fbf3074f,"","Я… буду считать, что так он сказал мне “нет”? Или… ладно. У вас просто не вышло. Я поняла. Пока."
D5C2_Molly Moon,dda5610e-b260-406d-a411-7de950d7d63f,a9be781f-44d5-4311-9d07-5c1fc9497502,"","Это… это… спасибо! Я так рада! Спасибо, братец! Я обязательно навещу твое дерево на свадьбе! И вам спасибо! Большое!"
D5C2_Molly Moon,dda5610e-b260-406d-a411-7de950d7d63f,fc64f175-8a79-4c2c-88c9-dbd3def52fd6,"","Клиент"
D5C2_Molly Moon,7044de6f-57ef-4e7f-81af-fb651d90a534,9596277b-7a40-47db-92ca-51b451985c71,"","Да, выходи за него."
D5C2_Molly Moon,7044de6f-57ef-4e7f-81af-fb651d90a534,fefc9d66-4fdc-4ff4-b6ab-f5e90404f722,"","Ghost"
D5C2_Molly Moon,dfbdd4a6-f0c3-4eab-97cf-d6faa227c9a4,1b922cec-a73e-447d-af20-e5a26c142e59,"","Как же я рада за тебя! Какая же ты молодец! Что ж, я пришла помочь тебе. Я знаю, как тебе важно узнать, что с <b>ним</b>. Давай-ка о нем поговорим… Я знаю, что он был близок тебе до ковена. Как наставник, верно? Что ж… Кто он?"
D5C2_Molly Moon,478478ca-a722-4efc-b5d8-15af56f5d228,57c5634e-318d-4acd-8822-7e6612f70c55,"","Отлично-отлично. Так, а насколько он старый?"
D5C2_Molly Moon,993d1f25-e5f4-4fb2-aa8a-805ebeb2cd7c,bab57c4e-fcfe-4d64-9df7-ae9d83929da1,"","Ты меня не слушаешь?.. я о той твоей самой важной для тебя персоне на свете! Так, а насколько он старый?"
D5C2_Molly Moon,9b0e4264-9d78-4b7e-b26a-a1df1f3b8bc9,106aef8b-a9eb-480a-bf6d-4d624b3b5c1e,"","Хм… я думала он намного старше тебя… Но ладно, продолжим! Какой он расы?"
D5C2_Molly Moon,44cfd79c-d0d6-4a1f-aa2f-a572e78751f5,03677bc4-1900-440e-a5ec-e1ecb2612c3a,"","Хорошо! А какой он расы?"
D5C2_Molly Moon,902b0db5-a8f0-41b9-8227-8a320003fab4,c062df67-0159-4dc6-9c6c-2c808c498584,"","Отлично! Тогда попробуй провести ритуал! Все нужное ты знаешь! А я понаблюдаю."
D5C2_Molly Moon,91cac1f1-f946-4e4e-bb12-7b91f5ce1ba9,66a0ce7b-fbb1-470e-8aac-bf6b953adf7e,"","Ладно. Остановись. Так не получится. "
D5C2_Molly Moon,91cac1f1-f946-4e4e-bb12-7b91f5ce1ba9,2f43510a-7072-406c-9d0d-fd4355cea232,"","Мы с тобой обе знаем, что он <b>не дворф, не эльф, и не человек</b>. Он <b>проклятый</b>. И тебе надо смириться с этим… <b>Их души нельзя призвать.</b>"
D5C2_Molly Moon,91cac1f1-f946-4e4e-bb12-7b91f5ce1ba9,202eac38-8acd-44a2-834f-9daa5ad0cf97,"","Или, быть может… у тебя есть догадка… что Молли что-то зна-а-а-ает…"
D5C2_Molly Moon,a8a508be-d0a3-49d4-bc8e-1251dd6c6498,b28cd456-a6e5-4d4e-952e-c8d46ea3fa63,"","Отличный вопрос! Итак, у меня есть теория, что <b>проклятые</b>, хоть и рождаются у любой другой расы, считаются в мире душ за расу отдельную...  В общем, нужен <b>другой ингредиент</b>!"
D5C2_Molly Moon,a8a508be-d0a3-49d4-bc8e-1251dd6c6498,f644cfe2-f6e7-4613-b762-ae39e26da7f0,"","Я вернусь с ним <b>послезавтра</b>. Но тебе придется заплатить мне <300 монет за него. Пока-а-а-а!"
D5C2_Molly Moon,652cc497-9ea2-4c5d-b554-ca634ca52037,9a66543c-aff3-4c78-8f1b-267d631a15f0,"","Ещё!"
D5C2_Molly Moon,52521e1a-3e5d-46a5-94fe-797bcfc06bd0,Choice Dont have Text ID,"","Передать ответ призрака клиенту"
D5C2_Molly Moon,1951f1ca-f531-45e1-8965-a045903ce4c3,Choice Dont have Text ID,"","Мужчина"
D5C2_Molly Moon,9e3f120d-f0d2-4191-86d3-6657fa1c6f2e,Choice Dont have Text ID,"","Женщина"
D5C2_Molly Moon,bbc7d8ee-5ce4-4b02-8539-0c44c8158c85,Choice Dont have Text ID,"","Молодой"
D5C2_Molly Moon,785e3524-1176-4583-9689-34c4effbe75a,Choice Dont have Text ID,"","Взрослый"
D5C2_Molly Moon,ddf8f69e-120f-4a95-9096-90f715e6f9fc,Choice Dont have Text ID,"","Старый"
D5C2_Molly Moon,d162268f-e8e0-4b88-813c-5cc26386b206,Choice Dont have Text ID,"","Человек"
D5C2_Molly Moon,458ad598-b425-4632-ac7d-9e5152390998,Choice Dont have Text ID,"","Эльф"
D5C2_Molly Moon,88dd67ea-0e2f-4f16-bc41-4b0b987a7f1e,Choice Dont have Text ID,"","Дворф"
D5C2_Molly Moon,ea2f2771-3e4a-40d7-b08b-5939d0375f83,Choice Dont have Text ID,"","Как призвать дух проклятого?"
D5C5_Dandelion,dfbdd4a6-f0c3-4eab-97cf-d6faa227c9a4,1b922cec-a73e-447d-af20-e5a26c142e59,"","Что с тобой? На тебе лица нет!.."
D5C5_Dandelion,8769ac82-8070-48af-9e24-48cb6661f044,a26aeea9-2a26-401d-bfcd-1872cbc2627e,"","Это… это жутко! А если бы надо было призвать меня?! Я ведь только <b>полуэльф</b>!"
D5C5_Dandelion,d648a0f2-c72e-4ebc-835b-5665c2b4a05a,e1f8550f-1597-41d3-a752-0e86cd43a7a6,"","Ужасно. У меня нет денег, чтобы помочь тебе заплатить за это… мне жаль… Но, знаешь. Мне тоже нужна помощь."
D5C5_Dandelion,d648a0f2-c72e-4ebc-835b-5665c2b4a05a,55d5e0cb-7725-428e-935a-7b2c1a61f290,"","Ты знаешь, матери я не знала. Но <b>мой отец - эльф</b>. Он бросил меня… И я хочу узнать, почему."
D5C5_Dandelion,dda5610e-b260-406d-a411-7de950d7d63f,a9be781f-44d5-4311-9d07-5c1fc9497502,"","…"
D5C5_Dandelion,51ef8acd-a853-4b0f-a413-7ad51e328041,28403139-9d50-43bd-9cb2-4233fbf3074f,"","Значит, не вышло… Хорошо. Не страшно…"
D5C5_Dandelion,7044de6f-57ef-4e7f-81af-fb651d90a534,9596277b-7a40-47db-92ca-51b451985c71,"","Мне не нужен ребенок-полукровка"
D5C5_Dandelion,7044de6f-57ef-4e7f-81af-fb651d90a534,fefc9d66-4fdc-4ff4-b6ab-f5e90404f722,"","Ghost"
D5C5_Dandelion,91cac1f1-f946-4e4e-bb12-7b91f5ce1ba9,66a0ce7b-fbb1-470e-8aac-bf6b953adf7e,"","Он был не стариком! Забыла сказать… эм…"
D5C5_Dandelion,4a5ff0fb-3cf0-4ecd-9a5c-0652b8480f78,e06ac053-52ed-4c4e-b425-aa39b28ede0c,"","Пожалуйста, продолжай"
D5C5_Dandelion,52521e1a-3e5d-46a5-94fe-797bcfc06bd0,Choice Dont have Text ID,"","Передать ответ призрака"
D5C5_Dandelion,8059b07f-64d1-45ab-bb6b-d9f52af3deeb,Choice Dont have Text ID,"","Рассказать всё"
D5C5_Dandelion,00054556-99bc-4d87-919b-33c6aa709449,Choice Dont have Text ID,"","Не знаю, Дандэлион."
D5C5_Dandelion,060fbbc5-f17e-42f1-8683-d9a9367c38ad,Choice Dont have Text ID,"","Хорошо"
D5C5_Dandelion,db6c305b-4de2-47d4-a4cd-8a089fe7e387,Choice Dont have Text ID,"","Я не смогу выполнить эту задачу (отказаться от работы)"
D5C5_Dandelion,0ecb22e2-c706-4ef5-b8e4-b6161c241440,Choice Dont have Text ID,"","(продолжить работу)"
D6C6_Molly Moon,51ef8acd-a853-4b0f-a413-7ad51e328041,28403139-9d50-43bd-9cb2-4233fbf3074f,"","нет… нет, нет, нет. НЕТ!"
D6C6_Molly Moon,dfbdd4a6-f0c3-4eab-97cf-d6faa227c9a4,1b922cec-a73e-447d-af20-e5a26c142e59,"","Привет, медиум! Я принесла то, что обещала. Это он. Ингредиент, с помощью которого можно выйти на связь с проклятым. Но, прежде, чем я дам тебе эту вещь, я хочу узнать. Что ты хочешь спросить у <b>Изогнутого Странника</b>?"
D6C6_Molly Moon,b48d84b4-44bb-4d49-b178-5c7ca68d3c3b,8aadb8e4-c127-434e-86ba-a2a949eb3aec,"","Стой! Стой, я поняла! Не волнуйся так. Держи. А я… уйду, пожалуй. Это твоя история. Подглядывать я не буду. Удачи, начинающий медиум."
D6C6_Molly Moon,91cac1f1-f946-4e4e-bb12-7b91f5ce1ba9,66a0ce7b-fbb1-470e-8aac-bf6b953adf7e,"","у меня не так много попыток! Надо сосредоточиться!"
D6C6_Molly Moon,4a5ff0fb-3cf0-4ecd-9a5c-0652b8480f78,e06ac053-52ed-4c4e-b425-aa39b28ede0c,"","Еще раз! Пока не получится!"
D6C6_Molly Moon,7044de6f-57ef-4e7f-81af-fb651d90a534,9596277b-7a40-47db-92ca-51b451985c71,"","Я тоже люблю тебя"
D6C6_Molly Moon,7044de6f-57ef-4e7f-81af-fb651d90a534,fefc9d66-4fdc-4ff4-b6ab-f5e90404f722,"","Ghost"
D6C6_Molly Moon,8059b07f-64d1-45ab-bb6b-d9f52af3deeb,Choice Dont have Text ID,"","Я хочу узнать, как он умер. Я хочу узнать, почему в тот день он ушел, не предупредив. Я хочу узнать, почему он меня оставил. Я хочу узнать, как он теперь. Я хочу его услышать…"
D6C6_Molly Moon,240ed465-f62c-4c0d-88b9-f1ec3de9037c,Choice Dont have Text ID,"","Забрать"
D6C6_Molly Moon,70ab7cf4-92aa-4b44-9d2a-27ac7e70720a,Choice Dont have Text ID,"","Передать ответ призрака"
R1_DetectiveZach,29ac1e42-8680-4dde-bfa3-b3f0e6e4a1b9,c06aee08-08f7-4f4d-b571-8c51b2d5177e,"","Ночь, леди. Я детектив Зак. Вот уже несколько лет я расследую дело о <b>маленькой</b> Лизе Вебер. <b>Она</b> была… растерзана неизвестным убийцей."
R1_DetectiveZach,29ac1e42-8680-4dde-bfa3-b3f0e6e4a1b9,1403ec9f-aedd-4a7a-8bf6-e4eeb11c8b3a,"","Я не уважаю ваше дело. Я не уважаю вас. Вы аморальны. Но выхода у меня больше нет."
R1_DetectiveZach,f5480104-3031-4a5b-9d3a-02ea4bbc9190,aeaeb4a8-54b2-4498-86b6-6ab637f22623,"","Продолжайте."
R1_DetectiveZach,347b1556-97cc-4367-9615-8ca1475822a7,82388275-56d2-465c-9f05-9f92efe19886,"","…Я догадывался, но не мог до конца поверить. Боги… Это станет самым тяжелым делом за всю мою карьеру… Прощайте."
R1_DetectiveZach,f3736d88-3d95-4627-b550-938c6211a9c4,e4bfd18b-5ad5-4f42-bd83-1c8c4eb8f30a,"","Это был мой дядя"
R1_DetectiveZach,f3736d88-3d95-4627-b550-938c6211a9c4,1aa33b5c-72f5-4c14-b6be-3b818d426b5e,"","Ghost"
R1_DetectiveZach,46359059-d57a-4736-a187-d921f6807214,1ac331a5-0594-4f2c-bbfa-0de2aedfdb39,"","Что ж. Ваша деятельность не только аморальна, но и бесполезна. До свидания."
R1_DetectiveZach,604077fd-369b-44a5-a2d3-a6de056b5346,95a48f62-629b-405d-9341-0fc564167cc7,"","Что происходит? Что не так?"
R1_DetectiveZach,db7feba6-29bd-42a1-9e1d-e48c74e05232,Choice Dont have Text ID,"","Хорошо, я вам помогу"
R1_DetectiveZach,ce233715-8543-41cf-9a34-ce7491221a7e,Choice Dont have Text ID,"","Нет. Вам я не могу помочь."
R1_DetectiveZach,ad618592-87d6-4519-99f4-709538dbf868,Choice Dont have Text ID,"","Передать ответ призрака"
R1_DetectiveZach,301cacd1-7593-49ef-9753-0b83e6134802,Choice Dont have Text ID,"","Я не смогу выполнить эту задачу (отказаться от работы)"
R1_DetectiveZach,6e55ed33-768a-40a2-9f71-a349096d03a2,Choice Dont have Text ID,"","(продолжить работу)"
R2_Ruviel,f3736d88-3d95-4627-b550-938c6211a9c4,e4bfd18b-5ad5-4f42-bd83-1c8c4eb8f30a,"","Ее нет среди нас."
R2_Ruviel,f3736d88-3d95-4627-b550-938c6211a9c4,1aa33b5c-72f5-4c14-b6be-3b818d426b5e,"","Ghost"
R2_Ruviel,f5480104-3031-4a5b-9d3a-02ea4bbc9190,aeaeb4a8-54b2-4498-86b6-6ab637f22623,"","Продолжайте."
R2_Ruviel,43d1a048-65b9-4282-89d0-eb89be8807cc,5a93e724-b467-44fa-ab0f-fbdb5948c53d,"","Что? Как здорово! О, духи, это так здорово! Спасибо тебе! Я так счастлива! Держи!"
R2_Ruviel,46359059-d57a-4736-a187-d921f6807214,1ac331a5-0594-4f2c-bbfa-0de2aedfdb39,"","Ладно, это явно того не стоит. Пока."
R2_Ruviel,6d5dd4dc-145c-4d46-9fb9-f9d142a2d044,322ed97f-bdfa-4b1e-9dac-e0c280c3a3c7,"","Что происходит? Что не так?"
R2_Ruviel,29ac1e42-8680-4dde-bfa3-b3f0e6e4a1b9,c06aee08-08f7-4f4d-b571-8c51b2d5177e,"","Доброй ночи и сразу к делу. Пропала моя <b>сестра-близнец</b>, уже как несколько лет… Я хочу узнать, где она."
R2_Ruviel,dbf01e41-a03e-4bc9-b256-c2669a85855b,Choice Dont have Text ID,"","Передать ответ призраку"
R2_Ruviel,aa10da41-8ce0-4893-b1e1-6c927d9cc112,Choice Dont have Text ID,"","Я не смогу выполнить эту задачу (отказаться от работы)"
R2_Ruviel,63947255-08a8-4b6d-8c22-25b37dc5df4b,Choice Dont have Text ID,"","(продолжить работу)"
R2_Ruviel,db7feba6-29bd-42a1-9e1d-e48c74e05232,Choice Dont have Text ID,"","Хорошо, я вам помогу"
R2_Ruviel,ce233715-8543-41cf-9a34-ce7491221a7e,Choice Dont have Text ID,"","Нет. Вам я не могу помочь."
R3_AFourArmedFriend,29ac1e42-8680-4dde-bfa3-b3f0e6e4a1b9,c06aee08-08f7-4f4d-b571-8c51b2d5177e,"","Мой наставник погиб от <b>старости</b>… Мне так одиноко теперь… Остальные <b>люди</b> не любят меня… гонят меня… я так скучаю… мне так одиноко… Так одиноко…"
R3_AFourArmedFriend,f5480104-3031-4a5b-9d3a-02ea4bbc9190,aeaeb4a8-54b2-4498-86b6-6ab637f22623,"","Продолжайте."
R3_AFourArmedFriend,46359059-d57a-4736-a187-d921f6807214,1ac331a5-0594-4f2c-bbfa-0de2aedfdb39,"","И вы… и вы мне не поможете… и вы…"
R3_AFourArmedFriend,f3736d88-3d95-4627-b550-938c6211a9c4,e4bfd18b-5ad5-4f42-bd83-1c8c4eb8f30a,"","Сходи к Ульрику. Моим именем."
R3_AFourArmedFriend,f3736d88-3d95-4627-b550-938c6211a9c4,1aa33b5c-72f5-4c14-b6be-3b818d426b5e,"","Ghost"
R3_AFourArmedFriend,43d1a048-65b9-4282-89d0-eb89be8807cc,5a93e724-b467-44fa-ab0f-fbdb5948c53d,"","Ульрих! Старый друг! Он поможет!.. Спасибо… Вот ваша плата…"
R3_AFourArmedFriend,d17dccfe-f8f8-474d-aae7-7744bc1afbb7,bce12339-55d8-454c-a0c0-642008bc6c7a,"","Что происходит? Что не так?"
R3_AFourArmedFriend,db7feba6-29bd-42a1-9e1d-e48c74e05232,Choice Dont have Text ID,"","Хорошо, я вам помогу"
R3_AFourArmedFriend,ce233715-8543-41cf-9a34-ce7491221a7e,Choice Dont have Text ID,"","Нет. Вам я не могу помочь."
R3_AFourArmedFriend,d4b9fdc7-7ae8-426d-94b5-cef5234d4cb5,Choice Dont have Text ID,"","(продолжить работу)"
R3_AFourArmedFriend,3f5028ce-3e24-41e2-ab01-776dd498fa8f,Choice Dont have Text ID,"","Я не смогу выполнить эту задачу (отказаться от работы)"
R3_AFourArmedFriend,dbf01e41-a03e-4bc9-b256-c2669a85855b,Choice Dont have Text ID,"","Передать ответ призрака"
R4_Ulrich Old,f3736d88-3d95-4627-b550-938c6211a9c4,e4bfd18b-5ad5-4f42-bd83-1c8c4eb8f30a,"","Да, мой друг."
R4_Ulrich Old,f3736d88-3d95-4627-b550-938c6211a9c4,1aa33b5c-72f5-4c14-b6be-3b818d426b5e,"","Ghost"
R4_Ulrich Old,29ac1e42-8680-4dde-bfa3-b3f0e6e4a1b9,c06aee08-08f7-4f4d-b571-8c51b2d5177e,"","Доброй ночи, девочка. Мой друг умер от <b>старости</b>. Если я правильно помню, тебе для него нужно налить <b>воды с яйцами</b>. И что-то там сделать руками. А, точно, и мой вопрос… “Могу ли я откопать твое тело, друг?”"
R4_Ulrich Old,46359059-d57a-4736-a187-d921f6807214,1ac331a5-0594-4f2c-bbfa-0de2aedfdb39,"","Так, хватит! Ты некомпетентна!"
R4_Ulrich Old,43d1a048-65b9-4282-89d0-eb89be8807cc,5a93e724-b467-44fa-ab0f-fbdb5948c53d,"","Спасибо."
R4_Ulrich Old,f5480104-3031-4a5b-9d3a-02ea4bbc9190,aeaeb4a8-54b2-4498-86b6-6ab637f22623,"","Или не яица…"
R4_Ulrich Old,9d9bf3fb-430e-44a3-8d70-a4186f7e26dc,4e405edf-b28b-430d-9673-12b58376895f,"","Или не воды…"
R4_Ulrich Old,db7feba6-29bd-42a1-9e1d-e48c74e05232,Choice Dont have Text ID,"","Хорошо, я вам помогу"
R4_Ulrich Old,ce233715-8543-41cf-9a34-ce7491221a7e,Choice Dont have Text ID,"","Нет. Вам я не могу помочь."
R4_Ulrich Old,dbf01e41-a03e-4bc9-b256-c2669a85855b,Choice Dont have Text ID,"","Передать ответ призрака"
R4_Ulrich Old,cb7d7138-bb40-494e-b147-668d7a293237,Choice Dont have Text ID,"","Я не смогу выполнить эту задачу (отказаться от работы)"
R4_Ulrich Old,1725c806-6db6-4bbe-b697-67e5257e2a88,Choice Dont have Text ID,"","(продолжить работу)"
R5_Anastasia Enmay,43d1a048-65b9-4282-89d0-eb89be8807cc,5a93e724-b467-44fa-ab0f-fbdb5948c53d,"","Какая наглость! Да как он посмел!.. Но что ж. Это его просьба. Я выполню ее. Великий род Энмэй пополнится простолюдинкой! Видят боги, я не просто так это делаю."
R5_Anastasia Enmay,f3736d88-3d95-4627-b550-938c6211a9c4,e4bfd18b-5ad5-4f42-bd83-1c8c4eb8f30a,"","Возьмите мою сестру в семью"
R5_Anastasia Enmay,f3736d88-3d95-4627-b550-938c6211a9c4,1aa33b5c-72f5-4c14-b6be-3b818d426b5e,"","Ghost"
R5_Anastasia Enmay,29ac1e42-8680-4dde-bfa3-b3f0e6e4a1b9,c06aee08-08f7-4f4d-b571-8c51b2d5177e,"","Ночи, ночи. Я пришла сюда среди ночи, несмотря на опасности этой глуши, не для разговоров с челядью. Но раз ты полезная челядь, слушай внимательно."
R5_Anastasia Enmay,29ac1e42-8680-4dde-bfa3-b3f0e6e4a1b9,574d210c-6267-4f02-883a-e3d2389e735c,"","Был у меня в услужению <b>мальчишка, 16 лет</b> от роду. И <b>он</b>… <b>Он</b> совершил, хорошо, признаю, неплохой поступок. Должный по его обязанностям телохранителя, конечно, но все же."
R5_Anastasia Enmay,29ac1e42-8680-4dde-bfa3-b3f0e6e4a1b9,1f02105b-1f77-4e15-bff5-306ad7b22a1a,"","Что ты так смотришь на меня, словно не понимаешь? Я хочу… хочу послушать, чего он там хочет. Давай, призывай."
R5_Anastasia Enmay,f5480104-3031-4a5b-9d3a-02ea4bbc9190,aeaeb4a8-54b2-4498-86b6-6ab637f22623,"","Быстрее."
R5_Anastasia Enmay,9d9bf3fb-430e-44a3-8d70-a4186f7e26dc,4e405edf-b28b-430d-9673-12b58376895f,"","Почему так долго?"
R5_Anastasia Enmay,46359059-d57a-4736-a187-d921f6807214,1ac331a5-0594-4f2c-bbfa-0de2aedfdb39,"","Бесполезная девчонка… Мы уходим. Да, мой лисеночек? Мой маленький хорошенький…"
R5_Anastasia Enmay,db7feba6-29bd-42a1-9e1d-e48c74e05232,Choice Dont have Text ID,"","Хорошо, я вам помогу"
R5_Anastasia Enmay,ce233715-8543-41cf-9a34-ce7491221a7e,Choice Dont have Text ID,"","Нет. Вам я не могу помочь."
R5_Anastasia Enmay,dbf01e41-a03e-4bc9-b256-c2669a85855b,Choice Dont have Text ID,"","Передать ответ призрака"
R5_Anastasia Enmay,724f7095-5f21-4a15-8d36-e05005fe7b88,Choice Dont have Text ID,"","Я не смогу выполнить эту задачу (отказаться от работы)"
R5_Anastasia Enmay,3a0b4869-7acb-4cfd-b721-944e60a9a15c,Choice Dont have Text ID,"","(продолжить работу)"
R6_Larka Strongbird,29ac1e42-8680-4dde-bfa3-b3f0e6e4a1b9,c06aee08-08f7-4f4d-b571-8c51b2d5177e,"","Так, слушай! В общем смотри, мой жених одури странный. И у него была <b>жена</b>. Похожая на меня прям точь в точь! Рост, вес, грудь, волосы, глаза! Звали ее Шарлотта Серобород!"
R6_Larka Strongbird,f3736d88-3d95-4627-b550-938c6211a9c4,e4bfd18b-5ad5-4f42-bd83-1c8c4eb8f30a,"","Он убил меня. Беги."
R6_Larka Strongbird,f3736d88-3d95-4627-b550-938c6211a9c4,1aa33b5c-72f5-4c14-b6be-3b818d426b5e,"","Ghost"
R6_Larka Strongbird,9d9bf3fb-430e-44a3-8d70-a4186f7e26dc,4e405edf-b28b-430d-9673-12b58376895f,"","Да твою мать!"
R6_Larka Strongbird,f5480104-3031-4a5b-9d3a-02ea4bbc9190,aeaeb4a8-54b2-4498-86b6-6ab637f22623,"","Времени нет! Я отбежала всего на четыре часа! Давай быстро! "
R6_Larka Strongbird,43d1a048-65b9-4282-89d0-eb89be8807cc,5a93e724-b467-44fa-ab0f-fbdb5948c53d,"","Я так и знала что что-то не так! Спасибо!"
R6_Larka Strongbird,46359059-d57a-4736-a187-d921f6807214,1ac331a5-0594-4f2c-bbfa-0de2aedfdb39,"","Да твою мать!"
R6_Larka Strongbird,db7feba6-29bd-42a1-9e1d-e48c74e05232,Choice Dont have Text ID,"","Хорошо, я вам помогу"
R6_Larka Strongbird,ce233715-8543-41cf-9a34-ce7491221a7e,Choice Dont have Text ID,"","Нет. Вам я не могу помочь."
R6_Larka Strongbird,dbf01e41-a03e-4bc9-b256-c2669a85855b,Choice Dont have Text ID,"","Передать ответ призрака"
R6_Larka Strongbird,1b303c50-5d34-4312-b7a3-f4ca6eb52782,Choice Dont have Text ID,"","(продолжить работу)"
R6_Larka Strongbird,34f2b2af-9a70-4682-9fdc-e6904c3eea96,Choice Dont have Text ID,"","Я не смогу выполнить эту задачу (отказаться от работы)"
R7_Eminoel,43d1a048-65b9-4282-89d0-eb89be8807cc,5a93e724-b467-44fa-ab0f-fbdb5948c53d,"","Что?.. Это значит…  что он предатель. Убить другого эльфа… на поле боя… Я никогда этого не забуду. Я отомщу. Я искупаюсь в его крови. Помяни мое слово."
R7_Eminoel,29ac1e42-8680-4dde-bfa3-b3f0e6e4a1b9,c06aee08-08f7-4f4d-b571-8c51b2d5177e,"","Здравствуй, сестра. Я вижу, что ты молода, и скорее всего застала войну ребенком… Я тоже была ребенком."
R7_Eminoel,29ac1e42-8680-4dde-bfa3-b3f0e6e4a1b9,106b5e6f-b4ac-4d85-a595-d511fcf24c8d,"","Зато <b>мой брат</b> - нет. Я хотела бы поговорить о нем… Но… вижу по твоим глазам, что тебе это не нужно. Просто… спроси имя того, кто убил его."
R7_Eminoel,46359059-d57a-4736-a187-d921f6807214,1ac331a5-0594-4f2c-bbfa-0de2aedfdb39,"","Разочарование."
R7_Eminoel,f5480104-3031-4a5b-9d3a-02ea4bbc9190,aeaeb4a8-54b2-4498-86b6-6ab637f22623,"","Что происходит? Что не так?"
R7_Eminoel,f3736d88-3d95-4627-b550-938c6211a9c4,e4bfd18b-5ad5-4f42-bd83-1c8c4eb8f30a,"","Митраниаэль"
R7_Eminoel,f3736d88-3d95-4627-b550-938c6211a9c4,1aa33b5c-72f5-4c14-b6be-3b818d426b5e,"","Ghost"
R7_Eminoel,db7feba6-29bd-42a1-9e1d-e48c74e05232,Choice Dont have Text ID,"","Хорошо, я вам помогу"
R7_Eminoel,ce233715-8543-41cf-9a34-ce7491221a7e,Choice Dont have Text ID,"","Нет. Вам я не могу помочь."
R7_Eminoel,dbf01e41-a03e-4bc9-b256-c2669a85855b,Choice Dont have Text ID,"","Передать ответ призрака"
R7_Eminoel,2b90da9d-65e7-435d-b1a4-50d9efdce719,Choice Dont have Text ID,"","Я не смогу выполнить эту задачу (отказаться от работы)"
R7_Eminoel,26e73b38-45a7-44b4-a530-e93c37dbd61c,Choice Dont have Text ID,"","(продолжить работу)"
R8_Gon Krasnodub,29ac1e42-8680-4dde-bfa3-b3f0e6e4a1b9,c06aee08-08f7-4f4d-b571-8c51b2d5177e,"","Привет. Какая же ты малышка! Не знал, что пускают в такое опасное дело таких молодых!"
R8_Gon Krasnodub,29ac1e42-8680-4dde-bfa3-b3f0e6e4a1b9,f2ace75c-2ec7-4bff-bf20-371cd8c35257,"","Пришел я поговорить со своим <b>отцом</b>, не дожившим до старости. Я бы хотел знать секрет его мастерства в нашем деле…"
R8_Gon Krasnodub,43d1a048-65b9-4282-89d0-eb89be8807cc,5a93e724-b467-44fa-ab0f-fbdb5948c53d,"","Ого?! Это я должен узнать подробнее!"
R8_Gon Krasnodub,f3736d88-3d95-4627-b550-938c6211a9c4,e4bfd18b-5ad5-4f42-bd83-1c8c4eb8f30a,"","Ищи под второй половицей на кухне"
R8_Gon Krasnodub,f3736d88-3d95-4627-b550-938c6211a9c4,1aa33b5c-72f5-4c14-b6be-3b818d426b5e,"","Ghost"
R8_Gon Krasnodub,f5480104-3031-4a5b-9d3a-02ea4bbc9190,aeaeb4a8-54b2-4498-86b6-6ab637f22623,"","Мда..."
R8_Gon Krasnodub,46359059-d57a-4736-a187-d921f6807214,1ac331a5-0594-4f2c-bbfa-0de2aedfdb39,"","Э… ну, это не то чего я ожидал..."
R8_Gon Krasnodub,9d9bf3fb-430e-44a3-8d70-a4186f7e26dc,4e405edf-b28b-430d-9673-12b58376895f,"","Жаль..."
R8_Gon Krasnodub,ce233715-8543-41cf-9a34-ce7491221a7e,Choice Dont have Text ID,"","Нет. Вам я не могу помочь."
R8_Gon Krasnodub,dbf01e41-a03e-4bc9-b256-c2669a85855b,Choice Dont have Text ID,"","Передать ответ призрака"
R8_Gon Krasnodub,db7feba6-29bd-42a1-9e1d-e48c74e05232,Choice Dont have Text ID,"","Хорошо, я вам помогу"
R8_Gon Krasnodub,598869eb-f8f3-43a7-9a1f-97db2b108831,Choice Dont have Text ID,"","Я не смогу выполнить эту задачу (отказаться от работы)"
R8_Gon Krasnodub,4f092c8a-b25f-4082-9edf-96148c24ba69,Choice Dont have Text ID,"","(продолжить работу)"
R9_William Rosen,29ac1e42-8680-4dde-bfa3-b3f0e6e4a1b9,c06aee08-08f7-4f4d-b571-8c51b2d5177e,"","Доброй ночи. Я пришел поговорить со своей <b>женой</b>…  А, да.. вам же надо узнать, кто она…"
R9_William Rosen,29ac1e42-8680-4dde-bfa3-b3f0e6e4a1b9,f2ace75c-2ec7-4bff-bf20-371cd8c35257,"","Она умерла неделю назад, при родах. Она… была эльфом… Чудесной <b>женщиной</b>… и мне нужен ее совет…"
R9_William Rosen,43d1a048-65b9-4282-89d0-eb89be8807cc,5a93e724-b467-44fa-ab0f-fbdb5948c53d,"","Она… хочет, чтобы я заботился об этом маленьком убийце?.. Хорошо… Хорошо… Хорошо…"
R9_William Rosen,f3736d88-3d95-4627-b550-938c6211a9c4,e4bfd18b-5ad5-4f42-bd83-1c8c4eb8f30a,"","Позаботься о нем"
R9_William Rosen,f3736d88-3d95-4627-b550-938c6211a9c4,1aa33b5c-72f5-4c14-b6be-3b818d426b5e,"","Ghost"
R9_William Rosen,46359059-d57a-4736-a187-d921f6807214,1ac331a5-0594-4f2c-bbfa-0de2aedfdb39,"","…"
R9_William Rosen,9d9bf3fb-430e-44a3-8d70-a4186f7e26dc,4e405edf-b28b-430d-9673-12b58376895f,"","Жаль..."
R9_William Rosen,f5480104-3031-4a5b-9d3a-02ea4bbc9190,aeaeb4a8-54b2-4498-86b6-6ab637f22623,"","Мда..."
R9_William Rosen,db7feba6-29bd-42a1-9e1d-e48c74e05232,Choice Dont have Text ID,"","Хорошо, я вам помогу"
R9_William Rosen,ce233715-8543-41cf-9a34-ce7491221a7e,Choice Dont have Text ID,"","Нет. Вам я не могу помочь."
R9_William Rosen,dbf01e41-a03e-4bc9-b256-c2669a85855b,Choice Dont have Text ID,"","Передать ответ призрака"
R9_William Rosen,55d7b0ad-f661-4f89-9bad-9f22812f6524,Choice Dont have Text ID,"","Я не смогу выполнить эту задачу (отказаться от работы)"
R9_William Rosen,0f700558-bcf6-48b4-b4ba-ac243380214a,Choice Dont have Text ID,"","(продолжить работу)"
R10_Magda Serobor,43d1a048-65b9-4282-89d0-eb89be8807cc,5a93e724-b467-44fa-ab0f-fbdb5948c53d,"","Э?! Они что, они же обязаны говорить правду?! И он мне это говорит?!"
R10_Magda Serobor,43d1a048-65b9-4282-89d0-eb89be8807cc,f598213d-1bdc-41f2-8592-89f82de5056b,"","После всех лет вместе?! Да пошел он! Всегда был козлом, и после смерти им остался!"
R10_Magda Serobor,80bc9528-cb06-4a0e-97da-12c7d7d50581,9f0daf2a-fc55-4482-a826-e9e937687067,"","Что происходит? Что не так?"
R10_Magda Serobor,29ac1e42-8680-4dde-bfa3-b3f0e6e4a1b9,c06aee08-08f7-4f4d-b571-8c51b2d5177e,"","Короче, короче! Слушай! Я знаю, что призраки не умеют врать! Ну это вроде как правило, да?"
R10_Magda Serobor,29ac1e42-8680-4dde-bfa3-b3f0e6e4a1b9,36370603-1439-4892-9a7b-434056649b9e,"","Так вот! Умер тут мой дружок, и я уверена, что этот старый <b>дворф</b> мне при жизни изменял! А еще <b>он</b> тайно пил и много говорил обо мне гадостей. И, конечно, не любил мою мать! Пусть все это расскажет!"
R10_Magda Serobor,f3736d88-3d95-4627-b550-938c6211a9c4,e4bfd18b-5ad5-4f42-bd83-1c8c4eb8f30a,"","Жена, отстань."
R10_Magda Serobor,f3736d88-3d95-4627-b550-938c6211a9c4,1aa33b5c-72f5-4c14-b6be-3b818d426b5e,"","Ghost"
R10_Magda Serobor,46359059-d57a-4736-a187-d921f6807214,1ac331a5-0594-4f2c-bbfa-0de2aedfdb39,"","…Да пошла ты! "
R10_Magda Serobor,dbf01e41-a03e-4bc9-b256-c2669a85855b,Choice Dont have Text ID,"","Передать ответ призрака"
R10_Magda Serobor,5e57c846-36d0-4e96-acb0-faef9027cd42,Choice Dont have Text ID,"","(продолжить работу)"
R10_Magda Serobor,d30dd01f-86d5-4444-bac4-5b39cc9503d1,Choice Dont have Text ID,"","Я не смогу выполнить эту задачу (отказаться от работы)"
R10_Magda Serobor,db7feba6-29bd-42a1-9e1d-e48c74e05232,Choice Dont have Text ID,"","Хорошо, я вам помогу"
R10_Magda Serobor,ce233715-8543-41cf-9a34-ce7491221a7e,Choice Dont have Text ID,"","Нет. Вам я не могу помочь."
R11_Kelumian,f3736d88-3d95-4627-b550-938c6211a9c4,e4bfd18b-5ad5-4f42-bd83-1c8c4eb8f30a,"","Никогда! Остроухий урод!"
R11_Kelumian,f3736d88-3d95-4627-b550-938c6211a9c4,1aa33b5c-72f5-4c14-b6be-3b818d426b5e,"","Ghost"
R11_Kelumian,29ac1e42-8680-4dde-bfa3-b3f0e6e4a1b9,c06aee08-08f7-4f4d-b571-8c51b2d5177e,"","Доброй ночи, красавица. У меня случилась глупейшая история… Я влюбился в прекрасную <b>дворфийку</b>."
R11_Kelumian,29ac1e42-8680-4dde-bfa3-b3f0e6e4a1b9,f42a4fb0-3e37-4024-acae-3e9a53581a25,"","Она хороша, как крепкий хмельный мед. И я хочу спросить у ее покойной <b>бабушки</b> разрешение на брак."
R11_Kelumian,29ac1e42-8680-4dde-bfa3-b3f0e6e4a1b9,51906a43-5d2c-4e29-b578-05a4a50f5b7d,"","Я знаю, что это может быть тяжело, ведь мы разных культур, разных стран происхождения. Но мое сердце трепещет от радости при виде нее. И я не вижу своей жизни ни с кем другим."
R11_Kelumian,46359059-d57a-4736-a187-d921f6807214,1ac331a5-0594-4f2c-bbfa-0de2aedfdb39,"","…Что ж. Жаль, что не вышло. До свидания."
R11_Kelumian,481e2084-9c63-4772-87d2-44581951256e,95eed826-0b43-417d-b75e-e6edebb75d35,"","Что происходит? Что не так?"
R11_Kelumian,43d1a048-65b9-4282-89d0-eb89be8807cc,5a93e724-b467-44fa-ab0f-fbdb5948c53d,"","Ого… Так, что ж, моей дорогой и прекрасно леди знать об этом не следует! Пожалуй, я все равно сделаю предложение."
R11_Kelumian,43d1a048-65b9-4282-89d0-eb89be8807cc,fffba80d-b838-42ec-930b-97df6d1e3b90,"","А ты этот ответ придержи в секрете, медиум, если кто-то спросит! Пока!"
R11_Kelumian,db7feba6-29bd-42a1-9e1d-e48c74e05232,Choice Dont have Text ID,"","Хорошо, я вам помогу"
R11_Kelumian,dbf01e41-a03e-4bc9-b256-c2669a85855b,Choice Dont have Text ID,"","Передать ответ призрака"
R11_Kelumian,364cf539-20b5-43bd-a84e-c13e8489b311,Choice Dont have Text ID,"","Я не смогу выполнить эту задачу (отказаться от работы)"
R11_Kelumian,c9b46ddf-da18-474c-9998-e18b4384494b,Choice Dont have Text ID,"","(продолжить работу)"
R11_Kelumian,ce233715-8543-41cf-9a34-ce7491221a7e,Choice Dont have Text ID,"","Нет. Вам я не могу помочь."
R12_The Nameless Wizard,29ac1e42-8680-4dde-bfa3-b3f0e6e4a1b9,c06aee08-08f7-4f4d-b571-8c51b2d5177e,"","Доброй ночи, сестра по духу. Это был долгий путь для меня, но время не ждет. Говорим коротко."
R12_The Nameless Wizard,29ac1e42-8680-4dde-bfa3-b3f0e6e4a1b9,0ede49e9-2259-4155-bae0-4e242ef4ea5d,"","Мой <b>юный</b> протеже умер во время эксперимента с реагентами. Был взрыв. И мне надо знать, что именно <b>он</b> смешал."
R12_The Nameless Wizard,43d1a048-65b9-4282-89d0-eb89be8807cc,5a93e724-b467-44fa-ab0f-fbdb5948c53d,"","Интересно… Значит, они дают яркий фиолетовый мощный взрыв… Спасибо."
R12_The Nameless Wizard,b9019d26-a521-41a5-8b65-0dfd3d7ec8b3,b2dcd691-b066-4445-a24c-12a2b1c0e530,"","Сестра по духу, я забыл уточнить. Юноша был человеком."
R12_The Nameless Wizard,f3736d88-3d95-4627-b550-938c6211a9c4,e4bfd18b-5ad5-4f42-bd83-1c8c4eb8f30a,"","Дыхание саламандры и йод"
R12_The Nameless Wizard,f3736d88-3d95-4627-b550-938c6211a9c4,1aa33b5c-72f5-4c14-b6be-3b818d426b5e,"","Ghost"
R12_The Nameless Wizard,46359059-d57a-4736-a187-d921f6807214,1ac331a5-0594-4f2c-bbfa-0de2aedfdb39,"","Сестра по духу, это полный провал. Прощай."
R12_The Nameless Wizard,6830de6d-e9f4-4e95-a0cc-b88d3d057c80,5598978e-8330-46e4-b047-15a6799c3fc8,"","Что происходит? Что не так?"
R12_The Nameless Wizard,db7feba6-29bd-42a1-9e1d-e48c74e05232,Choice Dont have Text ID,"","Хорошо, я вам помогу"
R12_The Nameless Wizard,ce233715-8543-41cf-9a34-ce7491221a7e,Choice Dont have Text ID,"","Нет. Вам я не могу помочь."
R12_The Nameless Wizard,dbf01e41-a03e-4bc9-b256-c2669a85855b,Choice Dont have Text ID,"","Передать ответ призрака"
R12_The Nameless Wizard,e05f6997-71a0-47fa-b814-a43537c30e84,Choice Dont have Text ID,"","(продолжить работу)"
R12_The Nameless Wizard,cd6ff816-f468-4579-9d99-602bbdb79ac2,Choice Dont have Text ID,"","Я не смогу выполнить эту задачу (отказаться от работы)"
R13_Gerda Strongwave,43d1a048-65b9-4282-89d0-eb89be8807cc,5a93e724-b467-44fa-ab0f-fbdb5948c53d,"","Ах!.. Прости… прости, что смела подумать… Я люблю тебя, Рагнар"
R13_Gerda Strongwave,b38d9555-f106-434d-8f0c-1653640e3c63,00cfcd11-e269-4e10-8c9c-c7e315fb3795,"","Что происходит? Что не так?"
R13_Gerda Strongwave,29ac1e42-8680-4dde-bfa3-b3f0e6e4a1b9,c06aee08-08f7-4f4d-b571-8c51b2d5177e,"","Привет. <b>Мой муж</b> храбро сражался за <b>дворфийскую</b> землю, но сгинул. Он настоящий герой. Рагнар Стронгвэйв. И много лет…"
R13_Gerda Strongwave,29ac1e42-8680-4dde-bfa3-b3f0e6e4a1b9,2f070dd8-b91b-4393-8694-fae67bd9e151,"","Я растила наших детей. И много лет… я была одна. И я наконец нашла нового мужчину. Но я…"
R13_Gerda Strongwave,29ac1e42-8680-4dde-bfa3-b3f0e6e4a1b9,78acbf9e-2975-400c-b4ac-673ecddf5799,"","Всегда хранила верность. И я хочу узнать… Милый. Дорогой и любимый муж. Могу ли я вновь полюбить после тебя?"
R13_Gerda Strongwave,46359059-d57a-4736-a187-d921f6807214,1ac331a5-0594-4f2c-bbfa-0de2aedfdb39,"","Наверное… он сердится и не хочет отвечать? Я… мне надо подумать."
R13_Gerda Strongwave,f3736d88-3d95-4627-b550-938c6211a9c4,e4bfd18b-5ad5-4f42-bd83-1c8c4eb8f30a,"","Нет. Не смей мне изменять."
R13_Gerda Strongwave,f3736d88-3d95-4627-b550-938c6211a9c4,1aa33b5c-72f5-4c14-b6be-3b818d426b5e,"","Ghost"
R13_Gerda Strongwave,dbf01e41-a03e-4bc9-b256-c2669a85855b,Choice Dont have Text ID,"","Передать ответ призрака"
R13_Gerda Strongwave,db7feba6-29bd-42a1-9e1d-e48c74e05232,Choice Dont have Text ID,"","Хорошо, я вам помогу"
R13_Gerda Strongwave,ce233715-8543-41cf-9a34-ce7491221a7e,Choice Dont have Text ID,"","Нет. Вам я не могу помочь."
R13_Gerda Strongwave,23615f63-d2fe-4dad-af81-16d449a571c4,Choice Dont have Text ID,"","Я не смогу выполнить эту задачу (отказаться от работы)"
R13_Gerda Strongwave,5f6f08a8-6b4d-4456-9637-fc301a7cf69b,Choice Dont have Text ID,"","(продолжить работу)"
R14_Hock Bigboosh,29ac1e42-8680-4dde-bfa3-b3f0e6e4a1b9,c06aee08-08f7-4f4d-b571-8c51b2d5177e,"","Я… я не смог спасти одну девушку, она утонула в реке… <b>Она</b> была <b>моего возраста</b>, из моей деревни… Я… я хочу узнать у нее... как мне искупить свою вину…"
R14_Hock Bigboosh,f3736d88-3d95-4627-b550-938c6211a9c4,e4bfd18b-5ad5-4f42-bd83-1c8c4eb8f30a,"","Я прощаю тебя"
R14_Hock Bigboosh,f3736d88-3d95-4627-b550-938c6211a9c4,1aa33b5c-72f5-4c14-b6be-3b818d426b5e,"","Ghost"
R14_Hock Bigboosh,7835ab1a-50a1-4ec1-b841-c752d71568ba,2b4db24f-ee5b-4c16-827d-4bd1c929399b,"","Что происходит? Что не так?"
R14_Hock Bigboosh,46359059-d57a-4736-a187-d921f6807214,1ac331a5-0594-4f2c-bbfa-0de2aedfdb39,"","Не хочет со мной говорить… как же так…"
R14_Hock Bigboosh,43d1a048-65b9-4282-89d0-eb89be8807cc,5a93e724-b467-44fa-ab0f-fbdb5948c53d,"","Я… Я… спасибо… спасибо…"
R14_Hock Bigboosh,db7feba6-29bd-42a1-9e1d-e48c74e05232,Choice Dont have Text ID,"","Хорошо, я вам помогу"
R14_Hock Bigboosh,ce233715-8543-41cf-9a34-ce7491221a7e,Choice Dont have Text ID,"","Нет. Вам я не могу помочь."
R14_Hock Bigboosh,dbf01e41-a03e-4bc9-b256-c2669a85855b,Choice Dont have Text ID,"","Передать ответ призрака"
R14_Hock Bigboosh,d013f0e2-5049-481c-8d08-0d3ad8418c7a,Choice Dont have Text ID,"","Я не смогу выполнить эту задачу (отказаться от работы)"
R14_Hock Bigboosh,d86c27a9-1e05-4d78-a37f-fa1fd6469484,Choice Dont have Text ID,"","(продолжить работу)"
R15_Babiaks,29ac1e42-8680-4dde-bfa3-b3f0e6e4a1b9,c06aee08-08f7-4f4d-b571-8c51b2d5177e,"","Помогите! Наш <b>муж</b> не оставил нам ни копейки! Он точно должен был где-то спрятать хоть какие-то деньги!"
R15_Babiaks,43d1a048-65b9-4282-89d0-eb89be8807cc,5a93e724-b467-44fa-ab0f-fbdb5948c53d,"","Что… Мы… Что мне теперь делать?.."
R15_Babiaks,f3736d88-3d95-4627-b550-938c6211a9c4,e4bfd18b-5ad5-4f42-bd83-1c8c4eb8f30a,"","Прости, дорогая. Денег нет."
R15_Babiaks,f3736d88-3d95-4627-b550-938c6211a9c4,1aa33b5c-72f5-4c14-b6be-3b818d426b5e,"","Ghost"
R15_Babiaks,13fcb5df-4c7e-4cca-bfb9-079c332a2996,0a743c53-655b-4aa9-b6ff-8e5af8d9afe0,"","Что происходит? Что не так?"
R15_Babiaks,46359059-d57a-4736-a187-d921f6807214,1ac331a5-0594-4f2c-bbfa-0de2aedfdb39,"","Да как же так!.."
R15_Babiaks,db7feba6-29bd-42a1-9e1d-e48c74e05232,Choice Dont have Text ID,"","Хорошо, я вам помогу"
R15_Babiaks,ce233715-8543-41cf-9a34-ce7491221a7e,Choice Dont have Text ID,"","Нет. Вам я не могу помочь."
R15_Babiaks,dbf01e41-a03e-4bc9-b256-c2669a85855b,Choice Dont have Text ID,"","Передать ответ призрака"
R15_Babiaks,b8c7759f-845f-4621-a392-b6dcab97bf44,Choice Dont have Text ID,"","Я не смогу выполнить эту задачу (отказаться от работы)"
R15_Babiaks,f104ea50-4aef-434d-bf40-16ce353cbd48,Choice Dont have Text ID,"","(продолжить работу)"
R16_Shkadira Karatau,43d1a048-65b9-4282-89d0-eb89be8807cc,5a93e724-b467-44fa-ab0f-fbdb5948c53d,"","О, хорошо! Теперь понятно, как заканчивать книгу!"
R16_Shkadira Karatau,46359059-d57a-4736-a187-d921f6807214,1ac331a5-0594-4f2c-bbfa-0de2aedfdb39,"","Плохо в этих краях с говорящими с духами… поищу еще…"
R16_Shkadira Karatau,f3736d88-3d95-4627-b550-938c6211a9c4,e4bfd18b-5ad5-4f42-bd83-1c8c4eb8f30a,"","Амелия должна стать птицей"
R16_Shkadira Karatau,f3736d88-3d95-4627-b550-938c6211a9c4,1aa33b5c-72f5-4c14-b6be-3b818d426b5e,"","Ghost"
R16_Shkadira Karatau,d84d4321-c59e-497a-b492-49f3e29c2b7a,520ffd52-a733-494e-933e-4f9fd5a6d2f5,"","Что происходит? Что не так?"
R16_Shkadira Karatau,29ac1e42-8680-4dde-bfa3-b3f0e6e4a1b9,c06aee08-08f7-4f4d-b571-8c51b2d5177e,"","Здравствуйте, говорящая с духами! Мой начальник почил от переработки давече… Было ему <b>89 лет</b>, был он <b>дворфом</b>, был он писателем."
R16_Shkadira Karatau,29ac1e42-8680-4dde-bfa3-b3f0e6e4a1b9,aa78f233-28a4-43c6-b9a9-23db295f69b6,"","И мне надо за ним дописать последние две страницы! Пусть подскажет, убить Амелию?"
R16_Shkadira Karatau,dbf01e41-a03e-4bc9-b256-c2669a85855b,Choice Dont have Text ID,"","Передать ответ призрака"
R16_Shkadira Karatau,e3af219a-982f-4fa1-9357-cb0549190285,Choice Dont have Text ID,"","(продолжить работу)"
R16_Shkadira Karatau,46cb2226-55c9-4fc3-927c-0f033364c4bb,Choice Dont have Text ID,"","Я не смогу выполнить эту задачу (отказаться от работы)"
R16_Shkadira Karatau,db7feba6-29bd-42a1-9e1d-e48c74e05232,Choice Dont have Text ID,"","Хорошо, я вам помогу"
R16_Shkadira Karatau,ce233715-8543-41cf-9a34-ce7491221a7e,Choice Dont have Text ID,"","Нет. Вам я не могу помочь."
R17_Yuri Green,29ac1e42-8680-4dde-bfa3-b3f0e6e4a1b9,c06aee08-08f7-4f4d-b571-8c51b2d5177e,"","Недавно в пожаре сгорела все моя семья. И я знаю, что мой <b>младший сын</b>, Иван, скорее всего видел, что случилось. Я хочу узнать, что произошло."
R17_Yuri Green,43d1a048-65b9-4282-89d0-eb89be8807cc,5a93e724-b467-44fa-ab0f-fbdb5948c53d,"","О, хорошо! Теперь понятно, как заканчивать книгу!"
R17_Yuri Green,f3736d88-3d95-4627-b550-938c6211a9c4,e4bfd18b-5ad5-4f42-bd83-1c8c4eb8f30a,"","Я играл со спичками."
R17_Yuri Green,f3736d88-3d95-4627-b550-938c6211a9c4,1aa33b5c-72f5-4c14-b6be-3b818d426b5e,"","Ghost"
R17_Yuri Green,167859c8-6440-4f65-acc0-e2d68e20004d,c58deaf3-17b7-43f8-9005-e8a136a13483,"","Что происходит? Что не так?"
R17_Yuri Green,46359059-d57a-4736-a187-d921f6807214,1ac331a5-0594-4f2c-bbfa-0de2aedfdb39,"","Безнадежно."
R17_Yuri Green,db7feba6-29bd-42a1-9e1d-e48c74e05232,Choice Dont have Text ID,"","Хорошо, я вам помогу"
R17_Yuri Green,ce233715-8543-41cf-9a34-ce7491221a7e,Choice Dont have Text ID,"","Нет. Вам я не могу помочь."
R17_Yuri Green,dbf01e41-a03e-4bc9-b256-c2669a85855b,Choice Dont have Text ID,"","Передать ответ призрака"
R17_Yuri Green,715fa9f2-4f80-48e0-b130-b35f8bf27695,Choice Dont have Text ID,"","Я не смогу выполнить эту задачу (отказаться от работы)"
R17_Yuri Green,6aefb087-9ad7-4626-8313-ee3e06b41ad7,Choice Dont have Text ID,"","(продолжить работу)"
R18_Katrialin,29ac1e42-8680-4dde-bfa3-b3f0e6e4a1b9,c06aee08-08f7-4f4d-b571-8c51b2d5177e,"","Привет, сестра по духу. Я попробовала наложить любовное заклинание, но моя жертва умерла… надо проверить, эффект-то сработал или нет?"
R18_Katrialin,29ac1e42-8680-4dde-bfa3-b3f0e6e4a1b9,cd81c83e-a9d5-4fb1-bc04-15c55cd45db4,"","Так, по рецепту… <b>мужчина</b>, среднего возраста, <b>эльф</b>. Ну, давай."
R18_Katrialin,2bdc4408-3df6-49bb-a810-b220e1d977dc,81e6e38f-5839-4ddc-a00c-0a3141e5ca26,"","Попробуй табак, может?"
R18_Katrialin,26818f90-2a7f-4ff8-a120-e4564d1bfcb9,1e087326-61c9-4e31-a690-4625a0cb8df9,"","Хм, может добавить немного ведьминой соли?"
R18_Katrialin,43d1a048-65b9-4282-89d0-eb89be8807cc,5a93e724-b467-44fa-ab0f-fbdb5948c53d,"","Ой-ёй! Это плохо! Ничего не сработало! Так еще и схлопотала проклятие! Мда-а-а-а! Ну, пока!"
R18_Katrialin,f3736d88-3d95-4627-b550-938c6211a9c4,e4bfd18b-5ad5-4f42-bd83-1c8c4eb8f30a,"","Убийца. Я проклинаю твой род."
R18_Katrialin,f3736d88-3d95-4627-b550-938c6211a9c4,1aa33b5c-72f5-4c14-b6be-3b818d426b5e,"","Ghost"
R18_Katrialin,46359059-d57a-4736-a187-d921f6807214,1ac331a5-0594-4f2c-bbfa-0de2aedfdb39,"","Ну, возможно тебе стоило слушать меня."
R18_Katrialin,db7feba6-29bd-42a1-9e1d-e48c74e05232,Choice Dont have Text ID,"","Хорошо, я вам помогу"
R18_Katrialin,ce233715-8543-41cf-9a34-ce7491221a7e,Choice Dont have Text ID,"","Нет. Вам я не могу помочь."
R18_Katrialin,765e96b5-aba6-4a95-be0a-e0895ea3f2fe,Choice Dont have Text ID,"","Я не смогу выполнить эту задачу (отказаться от работы)"
R18_Katrialin,d0786b25-8259-4951-aec1-a18f9a52489e,Choice Dont have Text ID,"","(продолжить работу)"
R18_Katrialin,dbf01e41-a03e-4bc9-b256-c2669a85855b,Choice Dont have Text ID,"","Передать ответ призрака"
R19_Michael Brown,29ac1e42-8680-4dde-bfa3-b3f0e6e4a1b9,c06aee08-08f7-4f4d-b571-8c51b2d5177e,"","Здравствуйте. Умерла моя <b>матушка</b>, и оставила завещание. У нее было семь детей, но в завещании она отметила только трех. Меня в том числе…"
R19_Michael Brown,29ac1e42-8680-4dde-bfa3-b3f0e6e4a1b9,147d8990-492d-4ccd-a6a0-d250b92c60d3,"","Я бы хотел узнать, так надо? Или она не успела что-то дописать?"
R19_Michael Brown,43d1a048-65b9-4282-89d0-eb89be8807cc,5a93e724-b467-44fa-ab0f-fbdb5948c53d,"","Ого… я не ожидал этого… Ну, раз такова ее воля, значит, я сделаю все так, как она написала."
R19_Michael Brown,f3736d88-3d95-4627-b550-938c6211a9c4,e4bfd18b-5ad5-4f42-bd83-1c8c4eb8f30a,"","Все верно, Михаил"
R19_Michael Brown,f3736d88-3d95-4627-b550-938c6211a9c4,1aa33b5c-72f5-4c14-b6be-3b818d426b5e,"","Ghost"
R19_Michael Brown,46359059-d57a-4736-a187-d921f6807214,1ac331a5-0594-4f2c-bbfa-0de2aedfdb39,"","Ничего страшного, провалы случаются. Я поищу другого медиума. До свидания, удачи вам."
R19_Michael Brown,2bdc4408-3df6-49bb-a810-b220e1d977dc,81e6e38f-5839-4ddc-a00c-0a3141e5ca26,"","<b>Матушка</b> была уже <b>старой</b>, когда умерла. Она умерла во сне, без боли, после долгой болезни. Признаться, я ожидал этого, но я скучаю по ней."
R19_Michael Brown,26818f90-2a7f-4ff8-a120-e4564d1bfcb9,1e087326-61c9-4e31-a690-4625a0cb8df9,"","За свою <b>долгую жизнь</b> мама нажила много имущества. Удивительно, что она решила одарить не всех своих детей."
R19_Michael Brown,db7feba6-29bd-42a1-9e1d-e48c74e05232,Choice Dont have Text ID,"","Хорошо, я вам помогу"
R19_Michael Brown,ce233715-8543-41cf-9a34-ce7491221a7e,Choice Dont have Text ID,"","Нет. Вам я не могу помочь."
R19_Michael Brown,dbf01e41-a03e-4bc9-b256-c2669a85855b,Choice Dont have Text ID,"","Передать ответ призрака"
R19_Michael Brown,97c17be3-8f5e-4eb3-bcaa-183a0a8c915d,Choice Dont have Text ID,"","Я не смогу выполнить эту задачу (отказаться от работы)"
R19_Michael Brown,edb67da4-0ded-47cc-816e-c2f15148b532,Choice Dont have Text ID,"","(продолжить работу)"
R20_Bin Bigshield,43d1a048-65b9-4282-89d0-eb89be8807cc,5a93e724-b467-44fa-ab0f-fbdb5948c53d,"","Что?.. Обычный… пьянчуга? Просто… алкоголик-дворф с соседней улицы?.. Держи деньги, девочка… Мне надо подумать."
R20_Bin Bigshield,2bdc4408-3df6-49bb-a810-b220e1d977dc,81e6e38f-5839-4ddc-a00c-0a3141e5ca26,"","Пытайтесь еще. Это важно."
R20_Bin Bigshield,f3736d88-3d95-4627-b550-938c6211a9c4,e4bfd18b-5ad5-4f42-bd83-1c8c4eb8f30a,"","Боб Кородуб. Прости, сынок."
R20_Bin Bigshield,f3736d88-3d95-4627-b550-938c6211a9c4,1aa33b5c-72f5-4c14-b6be-3b818d426b5e,"","Ghost"
R20_Bin Bigshield,29ac1e42-8680-4dde-bfa3-b3f0e6e4a1b9,c06aee08-08f7-4f4d-b571-8c51b2d5177e,"","Здравствуй, девочка. Свяжись, пожалуйста, с <b>моей пожилой мамой</b>. Спроси у нее, кем был мой отец. Я хочу знать его имя."
R20_Bin Bigshield,26818f90-2a7f-4ff8-a120-e4564d1bfcb9,1e087326-61c9-4e31-a690-4625a0cb8df9,"","Пожалуйста. Она скрывала это до самой смерти. Это очень, очень важно для меня."
R20_Bin Bigshield,46359059-d57a-4736-a187-d921f6807214,1ac331a5-0594-4f2c-bbfa-0de2aedfdb39,"","Она и после смерти не хочет мне признаться…  А я-то надеялся… Чтоб его…"
R20_Bin Bigshield,db7feba6-29bd-42a1-9e1d-e48c74e05232,Choice Dont have Text ID,"","Хорошо, я вам помогу"
R20_Bin Bigshield,ce233715-8543-41cf-9a34-ce7491221a7e,Choice Dont have Text ID,"","Нет. Вам я не могу помочь."
R20_Bin Bigshield,dbf01e41-a03e-4bc9-b256-c2669a85855b,Choice Dont have Text ID,"","Передать ответ призрака"
R20_Bin Bigshield,b9fe0372-c3db-415d-a744-886dd5be9c54,Choice Dont have Text ID,"","(продолжить работу)"
R20_Bin Bigshield,388a0d67-3a2a-4f89-8a24-c473d51c8359,Choice Dont have Text ID,"","Я не смогу выполнить эту задачу (отказаться от работы)"
R21_Daerelian,dfbdd4a6-f0c3-4eab-97cf-d6faa227c9a4,1b922cec-a73e-447d-af20-e5a26c142e59,"","Мне нужна могила товарища. Другие <b>дворфы</b> отказываются говорить мне, где это находится. Так что... время задать вопрос."
R21_Daerelian,7044de6f-57ef-4e7f-81af-fb651d90a534,9596277b-7a40-47db-92ca-51b451985c71,"","Долина красного камня"
R21_Daerelian,7044de6f-57ef-4e7f-81af-fb651d90a534,fefc9d66-4fdc-4ff4-b6ab-f5e90404f722,"","Ghost"
R21_Daerelian,dda5610e-b260-406d-a411-7de950d7d63f,a9be781f-44d5-4311-9d07-5c1fc9497502,"","Долина красного камня?! Они даже не унесли ее с поля боя?! Это… не то, чего я ожидал… Но спасибо."
R21_Daerelian,dda5610e-b260-406d-a411-7de950d7d63f,fc64f175-8a79-4c2c-88c9-dbd3def52fd6,"","Клиент"
R21_Daerelian,91cac1f1-f946-4e4e-bb12-7b91f5ce1ba9,66a0ce7b-fbb1-470e-8aac-bf6b953adf7e,"","О, да! Так я и думал! Эта <b>старушка</b> всегда была с норовом! Ничего, пытайтесь еще!"
R21_Daerelian,4a5ff0fb-3cf0-4ecd-9a5c-0652b8480f78,e06ac053-52ed-4c4e-b425-aa39b28ede0c,"","Может, я что-то важное не рассказал? Вообще, мы с <b>ней</b> познакомились еще до войны, и нашей дружбе не мешало то, что она гораздо <b>старше меня</b>."
R21_Daerelian,51ef8acd-a853-4b0f-a413-7ad51e328041,28403139-9d50-43bd-9cb2-4233fbf3074f,"","Да… Кажется, мне стоит поискать медиума получше. Но ты не волнуйся, однажды у тебя что-то да получится."
R21_Daerelian,5c3d61de-49b2-40ca-a11a-2a2cb3c74875,Choice Dont have Text ID,"","Нет. Вам я не могу помочь."
R21_Daerelian,8059b07f-64d1-45ab-bb6b-d9f52af3deeb,Choice Dont have Text ID,"","Хорошо, я вам помогу"
R21_Daerelian,52521e1a-3e5d-46a5-94fe-797bcfc06bd0,Choice Dont have Text ID,"","Передать ответ призрака клиенту"
R21_Daerelian,b9ed591f-5021-4eab-98ba-747a7f2a1597,Choice Dont have Text ID,"","Я не смогу выполнить эту задачу (отказаться от работы)"
R21_Daerelian,d8555b73-827c-478f-95c8-d995c0ba5dcb,Choice Dont have Text ID,"","(продолжить работу)"
R22_Hara Beerfoot,dfbdd4a6-f0c3-4eab-97cf-d6faa227c9a4,1b922cec-a73e-447d-af20-e5a26c142e59,"","Здравствуйте, тетя медиум. <b>Моя бабушка</b> умерла пару недель назад… А тут… наша кошечка родила… А бабушка так ждала этого! И… и… пусть она назовет котенка!.."
R22_Hara Beerfoot,4a5ff0fb-3cf0-4ecd-9a5c-0652b8480f78,e06ac053-52ed-4c4e-b425-aa39b28ede0c,"","Взрослые говорили мне не приходить к вам. Но я решила, что <b>моя бабушка</b> имеет право назвать котенка."
R22_Hara Beerfoot,7044de6f-57ef-4e7f-81af-fb651d90a534,9596277b-7a40-47db-92ca-51b451985c71,"","Долина красного камня"
R22_Hara Beerfoot,7044de6f-57ef-4e7f-81af-fb651d90a534,fefc9d66-4fdc-4ff4-b6ab-f5e90404f722,"","Ghost"
R22_Hara Beerfoot,dda5610e-b260-406d-a411-7de950d7d63f,a9be781f-44d5-4311-9d07-5c1fc9497502,"","Долина красного камня?! Они даже не унесли ее с поля боя?! Это… не то, чего я ожидал… Но спасибо."
R22_Hara Beerfoot,dda5610e-b260-406d-a411-7de950d7d63f,fc64f175-8a79-4c2c-88c9-dbd3def52fd6,"","Клиент"
R22_Hara Beerfoot,91cac1f1-f946-4e4e-bb12-7b91f5ce1ba9,66a0ce7b-fbb1-470e-8aac-bf6b953adf7e,"","Что происходит? Что не так?"
R22_Hara Beerfoot,51ef8acd-a853-4b0f-a413-7ad51e328041,28403139-9d50-43bd-9cb2-4233fbf3074f,"","…Да ну вас. Ничего вы не умеете, тетя."
R22_Hara Beerfoot,5c3d61de-49b2-40ca-a11a-2a2cb3c74875,Choice Dont have Text ID,"","Нет. Вам я не могу помочь."
R22_Hara Beerfoot,8059b07f-64d1-45ab-bb6b-d9f52af3deeb,Choice Dont have Text ID,"","Хорошо, я вам помогу"
R22_Hara Beerfoot,52521e1a-3e5d-46a5-94fe-797bcfc06bd0,Choice Dont have Text ID,"","Передать ответ призрака клиенту"
R22_Hara Beerfoot,42db9e08-c248-47ef-a150-c9153bf34472,Choice Dont have Text ID,"","Я не смогу выполнить эту задачу (отказаться от работы)"
R22_Hara Beerfoot,2dca1b5b-e68a-4793-8c6d-56a34def0f60,Choice Dont have Text ID,"","(продолжить работу)"
Template,4a5ff0fb-3cf0-4ecd-9a5c-0652b8480f78,e06ac053-52ed-4c4e-b425-aa39b28ede0c,"","Вы… Неужели, она так зла на меня?.. Я была не лучшей матерью, но я взяла ее к себе, пусть она и <b>дворф</b>, и воспитывала ее, как свое собственное дитя…"
Template,51ef8acd-a853-4b0f-a413-7ad51e328041,28403139-9d50-43bd-9cb2-4233fbf3074f,"","Я… буду считать, что так он сказал мне “нет”? Или… ладно. У вас просто не вышло. Я поняла. Пока."
Template,dfbdd4a6-f0c3-4eab-97cf-d6faa227c9a4,1b922cec-a73e-447d-af20-e5a26c142e59,"","Доброй ночи. Мой <b>старший брат</b> погиб на войне. Сейчас мне очень, очень нужен его совет. "
Template,dda5610e-b260-406d-a411-7de950d7d63f,a9be781f-44d5-4311-9d07-5c1fc9497502,"","Это… это… спасибо! Я так рада! Спасибо, братец! Я обязательно навещу твое дерево на свадьбе! И вам спасибо! Большое!"
Template,dda5610e-b260-406d-a411-7de950d7d63f,fc64f175-8a79-4c2c-88c9-dbd3def52fd6,"","Клиент"
Template,7044de6f-57ef-4e7f-81af-fb651d90a534,9596277b-7a40-47db-92ca-51b451985c71,"","Да, выходи за него."
Template,7044de6f-57ef-4e7f-81af-fb651d90a534,fefc9d66-4fdc-4ff4-b6ab-f5e90404f722,"","Ghost"
Template,91cac1f1-f946-4e4e-bb12-7b91f5ce1ba9,66a0ce7b-fbb1-470e-8aac-bf6b953adf7e,"","Я… я не верю… она не хочет меня видеть?..."
Template,5c3d61de-49b2-40ca-a11a-2a2cb3c74875,Choice Dont have Text ID,"","Нет. Вам я не могу помочь."
Template,8059b07f-64d1-45ab-bb6b-d9f52af3deeb,Choice Dont have Text ID,"","Хорошо, я вам помогу"
Template,52521e1a-3e5d-46a5-94fe-797bcfc06bd0,Choice Dont have Text ID,"","Передать ответ призрака клиенту"
